fid;NOM_COM;INSEE_COM;UNI_BATI;BDP_BATI;MAJIC;ERP;ID;NOM_COMM;INSEE_COMM;STATUT;X_COMMUNE;Y_COMMUNE;SUPERFICIE;POPULATION;INSEE_ARR;NOM_DEPT;INSEE_DEPT;NOM_REGION;INSEE_REG
1;Agencourt;21001;Oui;07/11/08;20/04/19;;BDCSURCO0000000009599722;BONCOURT-LE-BOIS;21088;Commune simple;851308;6672850;758;291;1;COTE-D'OR;21;BOURGOGNE-FRANCHE-COMTE;27
2;Agey;21002;Oui;07/11/08;20/04/19;;BDCSURCO0000000009599722;BONCOURT-LE-BOIS;21088;Commune simple;851308;6672850;758;291;1;COTE-D'OR;21;BOURGOGNE-FRANCHE-COMTE;27
3;Ahuy;21003;Oui;07/11/08;20/04/19;;BDCSURCO0000000009599722;BONCOURT-LE-BOIS;21088;Commune simple;851308;6672850;758;291;1;COTE-D'OR;21;BOURGOGNE-FRANCHE-COMTE;27
7;Aisy-sous-Thil;21007;Oui;07/11/08;20/04/19;;BDCSURCO0000000009599722;BONCOURT-LE-BOIS;21088;Commune simple;851308;6672850;758;291;1;COTE-D'OR;21;BOURGOGNE-FRANCHE-COMTE;27
8;Alise-Sainte-Reine;21008;Oui;07/11/08;20/04/19;;BDCSURCO0000000009599722;BONCOURT-LE-BOIS;21088;Commune simple;851308;6672850;758;291;1;COTE-D'OR;21;BOURGOGNE-FRANCHE-COMTE;27
10;Aloxe-Corton;21010;Oui;07/11/08;20/04/19;;BDCSURCO0000000009599722;BONCOURT-LE-BOIS;21088;Commune simple;851308;6672850;758;291;1;COTE-D'OR;21;BOURGOGNE-FRANCHE-COMTE;27
13;Ancey;21013;Oui;07/11/08;20/04/19;;BDCSURCO0000000009599722;BONCOURT-LE-BOIS;21088;Commune simple;851308;6672850;758;291;1;COTE-D'OR;21;BOURGOGNE-FRANCHE-COMTE;27
14;Antheuil;21014;Oui;07/11/08;20/04/19;;BDCSURCO0000000009599722;BONCOURT-LE-BOIS;21088;Commune simple;851308;6672850;758;291;1;COTE-D'OR;21;BOURGOGNE-FRANCHE-COMTE;27
15;Antigny-la-Ville;21015;Oui;07/11/08;20/04/19;;BDCSURCO0000000009599722;BONCOURT-LE-BOIS;21088;Commune simple;851308;6672850;758;291;1;COTE-D'OR;21;BOURGOGNE-FRANCHE-COMTE;27
17;Arcenant;21017;Oui;07/11/08;20/04/19;;BDCSURCO0000000009599722;BONCOURT-LE-BOIS;21088;Commune simple;851308;6672850;758;291;1;COTE-D'OR;21;BOURGOGNE-FRANCHE-COMTE;27
18;Arcey;21018;Oui;07/11/08;20/04/19;;BDCSURCO0000000009599722;BONCOURT-LE-BOIS;21088;Commune simple;851308;6672850;758;291;1;COTE-D'OR;21;BOURGOGNE-FRANCHE-COMTE;27
21;Argilly;21022;Oui;07/11/08;20/04/19;;BDCSURCO0000000009599722;BONCOURT-LE-BOIS;21088;Commune simple;851308;6672850;758;291;1;COTE-D'OR;21;BOURGOGNE-FRANCHE-COMTE;27
22;Arnay-le-Duc;21023;Oui;07/11/08;20/04/19;;BDCSURCO0000000009599722;BONCOURT-LE-BOIS;21088;Commune simple;851308;6672850;758;291;1;COTE-D'OR;21;BOURGOGNE-FRANCHE-COMTE;27
23;Arnay-sous-Vitteaux;21024;Oui;07/11/08;20/04/19;;BDCSURCO0000000009599722;BONCOURT-LE-BOIS;21088;Commune simple;851308;6672850;758;291;1;COTE-D'OR;21;BOURGOGNE-FRANCHE-COMTE;27
24;Arrans;21025;Oui;07/11/08;20/04/19;;BDCSURCO0000000009599722;BONCOURT-LE-BOIS;21088;Commune simple;851308;6672850;758;291;1;COTE-D'OR;21;BOURGOGNE-FRANCHE-COMTE;27
25;Asničres-en-Montagne;21026;Oui;07/11/08;20/04/19;;BDCSURCO0000000009599722;BONCOURT-LE-BOIS;21088;Commune simple;851308;6672850;758;291;1;COTE-D'OR;21;BOURGOGNE-FRANCHE-COMTE;27
26;Asničres-lčs-Dijon;21027;Oui;07/11/08;20/04/19;;BDCSURCO0000000009599722;BONCOURT-LE-BOIS;21088;Commune simple;851308;6672850;758;291;1;COTE-D'OR;21;BOURGOGNE-FRANCHE-COMTE;27
28;Athie;21029;Oui;07/11/08;20/04/19;;BDCSURCO0000000009599722;BONCOURT-LE-BOIS;21088;Commune simple;851308;6672850;758;291;1;COTE-D'OR;21;BOURGOGNE-FRANCHE-COMTE;27
29;Aubaine;21030;Oui;07/11/08;20/04/19;;BDCSURCO0000000009599722;BONCOURT-LE-BOIS;21088;Commune simple;851308;6672850;758;291;1;COTE-D'OR;21;BOURGOGNE-FRANCHE-COMTE;27
32;Aubigny-lčs-Sombernon;21033;Oui;07/11/08;20/04/19;;BDCSURCO0000000009599722;BONCOURT-LE-BOIS;21088;Commune simple;851308;6672850;758;291;1;COTE-D'OR;21;BOURGOGNE-FRANCHE-COMTE;27
35;Auxant;21036;Oui;07/11/08;20/04/19;;BDCSURCO0000000009599722;BONCOURT-LE-BOIS;21088;Commune simple;851308;6672850;758;291;1;COTE-D'OR;21;BOURGOGNE-FRANCHE-COMTE;27
36;Auxey-Duresses;21037;Oui;07/11/08;20/04/19;;BDCSURCO0000000009599722;BONCOURT-LE-BOIS;21088;Commune simple;851308;6672850;758;291;1;COTE-D'OR;21;BOURGOGNE-FRANCHE-COMTE;27
39;Avosnes;21040;Oui;07/11/08;20/04/19;;BDCSURCO0000000009599722;BONCOURT-LE-BOIS;21088;Commune simple;851308;6672850;758;291;1;COTE-D'OR;21;BOURGOGNE-FRANCHE-COMTE;27
42;Baigneux-les-Juifs;21043;Oui;07/11/08;20/04/19;;BDCSURCO0000000009599722;BONCOURT-LE-BOIS;21088;Commune simple;851308;6672850;758;291;1;COTE-D'OR;21;BOURGOGNE-FRANCHE-COMTE;27
44;Barbirey-sur-Ouche;21045;Oui;07/11/08;20/04/19;;BDCSURCO0000000009599722;BONCOURT-LE-BOIS;21088;Commune simple;851308;6672850;758;291;1;COTE-D'OR;21;BOURGOGNE-FRANCHE-COMTE;27
46;Bard-lčs-Époisses;21047;Oui;07/11/08;20/04/19;;BDCSURCO0000000009599722;BONCOURT-LE-BOIS;21088;Commune simple;851308;6672850;758;291;1;COTE-D'OR;21;BOURGOGNE-FRANCHE-COMTE;27
47;Barges;21048;Oui;07/11/08;20/04/19;;BDCSURCO0000000009599722;BONCOURT-LE-BOIS;21088;Commune simple;851308;6672850;758;291;1;COTE-D'OR;21;BOURGOGNE-FRANCHE-COMTE;27
49;Baubigny;21050;Oui;13/03/12;20/04/19;;BDCSURCO0000000009599722;BONCOURT-LE-BOIS;21088;Commune simple;851308;6672850;758;291;1;COTE-D'OR;21;BOURGOGNE-FRANCHE-COMTE;27
50;Baulme-la-Roche;21051;Oui;07/11/08;20/04/19;;BDCSURCO0000000009599722;BONCOURT-LE-BOIS;21088;Commune simple;851308;6672850;758;291;1;COTE-D'OR;21;BOURGOGNE-FRANCHE-COMTE;27
53;Beaune;21054;Oui;07/11/08;20/04/19;;BDCSURCO0000000009599722;BONCOURT-LE-BOIS;21088;Commune simple;851308;6672850;758;291;1;COTE-D'OR;21;BOURGOGNE-FRANCHE-COMTE;27
58;Bellefond;21059;Oui;07/11/08;20/04/19;;BDCSURCO0000000009599722;BONCOURT-LE-BOIS;21088;Commune simple;851308;6672850;758;291;1;COTE-D'OR;21;BOURGOGNE-FRANCHE-COMTE;27
61;Bellenot-sous-Pouilly;21062;Oui;07/11/08;20/04/19;;BDCSURCO0000000009599722;BONCOURT-LE-BOIS;21088;Commune simple;851308;6672850;758;291;1;COTE-D'OR;21;BOURGOGNE-FRANCHE-COMTE;27
63;Benoisey;21064;Oui;07/11/08;20/04/19;;BDCSURCO0000000009599722;BONCOURT-LE-BOIS;21088;Commune simple;851308;6672850;758;291;1;COTE-D'OR;21;BOURGOGNE-FRANCHE-COMTE;27
64;Bessey-en-Chaume;21065;Oui;07/11/08;20/04/19;;BDCSURCO0000000009599722;BONCOURT-LE-BOIS;21088;Commune simple;851308;6672850;758;291;1;COTE-D'OR;21;BOURGOGNE-FRANCHE-COMTE;27
65;Bessey-la-Cour;21066;Oui;07/11/08;20/04/19;;BDCSURCO0000000009599722;BONCOURT-LE-BOIS;21088;Commune simple;851308;6672850;758;291;1;COTE-D'OR;21;BOURGOGNE-FRANCHE-COMTE;27
68;Beurizot;21069;Oui;07/11/08;20/04/19;;BDCSURCO0000000009599722;BONCOURT-LE-BOIS;21088;Commune simple;851308;6672850;758;291;1;COTE-D'OR;21;BOURGOGNE-FRANCHE-COMTE;27
69;Bévy;21070;Oui;07/11/08;20/04/19;;BDCSURCO0000000009599722;BONCOURT-LE-BOIS;21088;Commune simple;851308;6672850;758;291;1;COTE-D'OR;21;BOURGOGNE-FRANCHE-COMTE;27
73;Billy-lčs-Chanceaux;21075;Oui;07/11/08;20/04/19;;BDCSURCO0000000009599722;BONCOURT-LE-BOIS;21088;Commune simple;851308;6672850;758;291;1;COTE-D'OR;21;BOURGOGNE-FRANCHE-COMTE;27
78;Blaisy-Bas;21080;Oui;07/11/08;20/04/19;;BDCSURCO0000000009599722;BONCOURT-LE-BOIS;21088;Commune simple;851308;6672850;758;291;1;COTE-D'OR;21;BOURGOGNE-FRANCHE-COMTE;27
79;Blaisy-Haut;21081;Oui;07/11/08;20/04/19;;BDCSURCO0000000009599722;BONCOURT-LE-BOIS;21088;Commune simple;851308;6672850;758;291;1;COTE-D'OR;21;BOURGOGNE-FRANCHE-COMTE;27
80;Blancey;21082;Oui;07/11/08;20/04/19;;BDCSURCO0000000009599722;BONCOURT-LE-BOIS;21088;Commune simple;851308;6672850;758;291;1;COTE-D'OR;21;BOURGOGNE-FRANCHE-COMTE;27
82;Source-Seine;21084;Oui;07/11/08;20/04/19;;BDCSURCO0000000009599722;BONCOURT-LE-BOIS;21088;Commune simple;851308;6672850;758;291;1;COTE-D'OR;21;BOURGOGNE-FRANCHE-COMTE;27
83;Bligny-le-Sec;21085;Oui;07/11/08;20/04/19;;BDCSURCO0000000009599722;BONCOURT-LE-BOIS;21088;Commune simple;851308;6672850;758;291;1;COTE-D'OR;21;BOURGOGNE-FRANCHE-COMTE;27
84;Bligny-lčs-Beaune;21086;Oui;07/11/08;20/04/19;;BDCSURCO0000000009599722;BONCOURT-LE-BOIS;21088;Commune simple;851308;6672850;758;291;1;COTE-D'OR;21;BOURGOGNE-FRANCHE-COMTE;27
85;Bligny-sur-Ouche;21087;Oui;07/11/08;20/04/19;;BDCSURCO0000000009599722;BONCOURT-LE-BOIS;21088;Commune simple;851308;6672850;758;291;1;COTE-D'OR;21;BOURGOGNE-FRANCHE-COMTE;27
86;Boncourt-le-Bois;21088;Oui;07/11/08;20/04/19;;BDCSURCO0000000009599722;BONCOURT-LE-BOIS;21088;Commune simple;851308;6672850;758;291;1;COTE-D'OR;21;BOURGOGNE-FRANCHE-COMTE;27
89;Bouhey;21091;Oui;07/11/08;20/04/19;;BDCSURCO0000000009599722;BONCOURT-LE-BOIS;21088;Commune simple;851308;6672850;758;291;1;COTE-D'OR;21;BOURGOGNE-FRANCHE-COMTE;27
90;Bouilland;21092;Oui;07/11/08;20/04/19;;BDCSURCO0000000009599722;BONCOURT-LE-BOIS;21088;Commune simple;851308;6672850;758;291;1;COTE-D'OR;21;BOURGOGNE-FRANCHE-COMTE;27
95;Boussey;21097;Oui;07/11/08;20/04/19;;BDCSURCO0000000009599722;BONCOURT-LE-BOIS;21088;Commune simple;851308;6672850;758;291;1;COTE-D'OR;21;BOURGOGNE-FRANCHE-COMTE;27
96;Boux-sous-Salmaise;21098;Oui;07/11/08;20/04/19;;BDCSURCO0000000009599722;BONCOURT-LE-BOIS;21088;Commune simple;851308;6672850;758;291;1;COTE-D'OR;21;BOURGOGNE-FRANCHE-COMTE;27
97;Bouze-lčs-Beaune;21099;Oui;07/11/08;20/04/19;;BDCSURCO0000000009599722;BONCOURT-LE-BOIS;21088;Commune simple;851308;6672850;758;291;1;COTE-D'OR;21;BOURGOGNE-FRANCHE-COMTE;27
98;Brain;21100;Oui;07/11/08;20/04/19;;BDCSURCO0000000009599722;BONCOURT-LE-BOIS;21088;Commune simple;851308;6672850;758;291;1;COTE-D'OR;21;BOURGOGNE-FRANCHE-COMTE;27
99;Braux;21101;Oui;07/11/08;20/04/19;;BDCSURCO0000000009599722;BONCOURT-LE-BOIS;21088;Commune simple;851308;6672850;758;291;1;COTE-D'OR;21;BOURGOGNE-FRANCHE-COMTE;27
105;Bretigny;21107;Oui;07/11/08;20/04/19;;BDCSURCO0000000009599722;BONCOURT-LE-BOIS;21088;Commune simple;851308;6672850;758;291;1;COTE-D'OR;21;BOURGOGNE-FRANCHE-COMTE;27
106;Brianny;21108;Oui;07/11/08;20/04/19;;BDCSURCO0000000009599722;BONCOURT-LE-BOIS;21088;Commune simple;851308;6672850;758;291;1;COTE-D'OR;21;BOURGOGNE-FRANCHE-COMTE;27
108;Brochon;21110;Oui;07/11/08;20/04/19;;BDCSURCO0000000009599722;BONCOURT-LE-BOIS;21088;Commune simple;851308;6672850;758;291;1;COTE-D'OR;21;BOURGOGNE-FRANCHE-COMTE;27
111;Broindon;21113;Oui;07/11/08;20/04/19;;BDCSURCO0000000009599722;BONCOURT-LE-BOIS;21088;Commune simple;851308;6672850;758;291;1;COTE-D'OR;21;BOURGOGNE-FRANCHE-COMTE;27
112;Buffon;21114;Oui;07/11/08;20/04/19;;BDCSURCO0000000009599722;BONCOURT-LE-BOIS;21088;Commune simple;851308;6672850;758;291;1;COTE-D'OR;21;BOURGOGNE-FRANCHE-COMTE;27
118;La Bussičre-sur-Ouche;21120;Oui;07/11/08;20/04/19;;BDCSURCO0000000009599722;BONCOURT-LE-BOIS;21088;Commune simple;851308;6672850;758;291;1;COTE-D'OR;21;BOURGOGNE-FRANCHE-COMTE;27
119;Bussy-la-Pesle;21121;Oui;07/11/08;20/04/19;;BDCSURCO0000000009599722;BONCOURT-LE-BOIS;21088;Commune simple;851308;6672850;758;291;1;COTE-D'OR;21;BOURGOGNE-FRANCHE-COMTE;27
120;Bussy-le-Grand;21122;Oui;07/11/08;20/04/19;;BDCSURCO0000000009599722;BONCOURT-LE-BOIS;21088;Commune simple;851308;6672850;758;291;1;COTE-D'OR;21;BOURGOGNE-FRANCHE-COMTE;27
125;Chaignay;21127;Oui;07/11/08;20/04/19;;BDCSURCO0000000009599722;BONCOURT-LE-BOIS;21088;Commune simple;851308;6672850;758;291;1;COTE-D'OR;21;BOURGOGNE-FRANCHE-COMTE;27
126;Chailly-sur-Armançon;21128;Oui;07/11/08;20/04/19;;BDCSURCO0000000009599722;BONCOURT-LE-BOIS;21088;Commune simple;851308;6672850;758;291;1;COTE-D'OR;21;BOURGOGNE-FRANCHE-COMTE;27
130;Chambśuf;21132;Oui;07/11/08;20/04/19;;BDCSURCO0000000009599722;BONCOURT-LE-BOIS;21088;Commune simple;851308;6672850;758;291;1;COTE-D'OR;21;BOURGOGNE-FRANCHE-COMTE;27
131;Chambolle-Musigny;21133;Oui;07/11/08;20/04/19;;BDCSURCO0000000009599722;BONCOURT-LE-BOIS;21088;Commune simple;851308;6672850;758;291;1;COTE-D'OR;21;BOURGOGNE-FRANCHE-COMTE;27
134;Champagny;21136;Oui;07/11/08;20/04/19;;BDCSURCO0000000009599722;BONCOURT-LE-BOIS;21088;Commune simple;851308;6672850;758;291;1;COTE-D'OR;21;BOURGOGNE-FRANCHE-COMTE;27
135;Champ-d'Oiseau;21137;Oui;07/11/08;20/04/19;;BDCSURCO0000000009599722;BONCOURT-LE-BOIS;21088;Commune simple;851308;6672850;758;291;1;COTE-D'OR;21;BOURGOGNE-FRANCHE-COMTE;27
138;Champignolles;21140;Oui;07/11/08;20/04/19;;BDCSURCO0000000009599722;BONCOURT-LE-BOIS;21088;Commune simple;851308;6672850;758;291;1;COTE-D'OR;21;BOURGOGNE-FRANCHE-COMTE;27
139;Champrenault;21141;Oui;07/11/08;20/04/19;;BDCSURCO0000000009599722;BONCOURT-LE-BOIS;21088;Commune simple;851308;6672850;758;291;1;COTE-D'OR;21;BOURGOGNE-FRANCHE-COMTE;27
140;Chanceaux;21142;Oui;07/11/08;20/04/19;;BDCSURCO0000000009599722;BONCOURT-LE-BOIS;21088;Commune simple;851308;6672850;758;291;1;COTE-D'OR;21;BOURGOGNE-FRANCHE-COMTE;27
142;Charencey;21144;Oui;07/11/08;20/04/19;;BDCSURCO0000000009599722;BONCOURT-LE-BOIS;21088;Commune simple;851308;6672850;758;291;1;COTE-D'OR;21;BOURGOGNE-FRANCHE-COMTE;27
143;Charigny;21145;Oui;07/11/08;20/04/19;;BDCSURCO0000000009599722;BONCOURT-LE-BOIS;21088;Commune simple;851308;6672850;758;291;1;COTE-D'OR;21;BOURGOGNE-FRANCHE-COMTE;27
145;Charny;21147;Oui;07/11/08;20/04/19;;BDCSURCO0000000009599722;BONCOURT-LE-BOIS;21088;Commune simple;851308;6672850;758;291;1;COTE-D'OR;21;BOURGOGNE-FRANCHE-COMTE;27
149;Chassey;21151;Oui;07/11/08;20/04/19;;BDCSURCO0000000009599722;BONCOURT-LE-BOIS;21088;Commune simple;851308;6672850;758;291;1;COTE-D'OR;21;BOURGOGNE-FRANCHE-COMTE;27
150;Châteauneuf;21152;Oui;07/11/08;20/04/19;;BDCSURCO0000000009599722;BONCOURT-LE-BOIS;21088;Commune simple;851308;6672850;758;291;1;COTE-D'OR;21;BOURGOGNE-FRANCHE-COMTE;27
151;Châtellenot;21153;Oui;07/11/08;20/04/19;;BDCSURCO0000000009599722;BONCOURT-LE-BOIS;21088;Commune simple;851308;6672850;758;291;1;COTE-D'OR;21;BOURGOGNE-FRANCHE-COMTE;27
153;Chaudenay-la-Ville;21155;Oui;07/11/08;20/04/19;;BDCSURCO0000000009599722;BONCOURT-LE-BOIS;21088;Commune simple;851308;6672850;758;291;1;COTE-D'OR;21;BOURGOGNE-FRANCHE-COMTE;27
154;Chaudenay-le-Château;21156;Oui;07/11/08;20/04/19;;BDCSURCO0000000009599722;BONCOURT-LE-BOIS;21088;Commune simple;851308;6672850;758;291;1;COTE-D'OR;21;BOURGOGNE-FRANCHE-COMTE;27
158;Chaume-lčs-Baigneux;21160;Oui;07/11/08;20/04/19;;BDCSURCO0000000009599722;BONCOURT-LE-BOIS;21088;Commune simple;851308;6672850;758;291;1;COTE-D'OR;21;BOURGOGNE-FRANCHE-COMTE;27
160;Chaux;21162;Oui;07/11/08;20/04/19;;BDCSURCO0000000009599722;BONCOURT-LE-BOIS;21088;Commune simple;851308;6672850;758;291;1;COTE-D'OR;21;BOURGOGNE-FRANCHE-COMTE;27
162;Chazilly;21164;Oui;07/11/08;20/04/19;;BDCSURCO0000000009599722;BONCOURT-LE-BOIS;21088;Commune simple;851308;6672850;758;291;1;COTE-D'OR;21;BOURGOGNE-FRANCHE-COMTE;27
164;Chenôve;21166;Oui;07/11/08;20/04/19;;BDCSURCO0000000009599722;BONCOURT-LE-BOIS;21088;Commune simple;851308;6672850;758;291;1;COTE-D'OR;21;BOURGOGNE-FRANCHE-COMTE;27
166;Chevannay;21168;Oui;07/11/08;20/04/19;;BDCSURCO0000000009599722;BONCOURT-LE-BOIS;21088;Commune simple;851308;6672850;758;291;1;COTE-D'OR;21;BOURGOGNE-FRANCHE-COMTE;27
167;Chevannes;21169;Oui;07/11/08;20/04/19;;BDCSURCO0000000009599722;BONCOURT-LE-BOIS;21088;Commune simple;851308;6672850;758;291;1;COTE-D'OR;21;BOURGOGNE-FRANCHE-COMTE;27
169;Chevigny-Saint-Sauveur;21171;Oui;07/11/08;20/04/19;;BDCSURCO0000000009599722;BONCOURT-LE-BOIS;21088;Commune simple;851308;6672850;758;291;1;COTE-D'OR;21;BOURGOGNE-FRANCHE-COMTE;27
171;Chorey-les-Beaune;21173;Oui;07/11/08;20/04/19;;BDCSURCO0000000009599722;BONCOURT-LE-BOIS;21088;Commune simple;851308;6672850;758;291;1;COTE-D'OR;21;BOURGOGNE-FRANCHE-COMTE;27
173;Civry-en-Montagne;21176;Oui;07/11/08;20/04/19;;BDCSURCO0000000009599722;BONCOURT-LE-BOIS;21088;Commune simple;851308;6672850;758;291;1;COTE-D'OR;21;BOURGOGNE-FRANCHE-COMTE;27
174;Clamerey;21177;Oui;07/11/08;20/04/19;;BDCSURCO0000000009599722;BONCOURT-LE-BOIS;21088;Commune simple;851308;6672850;758;291;1;COTE-D'OR;21;BOURGOGNE-FRANCHE-COMTE;27
175;Valforęt;21178;Oui;07/11/08;20/04/19;;BDCSURCO0000000009599722;BONCOURT-LE-BOIS;21088;Commune simple;851308;6672850;758;291;1;COTE-D'OR;21;BOURGOGNE-FRANCHE-COMTE;27
176;Clénay;21179;Oui;07/11/08;20/04/19;;BDCSURCO0000000009599722;BONCOURT-LE-BOIS;21088;Commune simple;851308;6672850;758;291;1;COTE-D'OR;21;BOURGOGNE-FRANCHE-COMTE;27
179;Collonges-lčs-Bévy;21182;Oui;07/11/08;20/04/19;;BDCSURCO0000000009599722;BONCOURT-LE-BOIS;21088;Commune simple;851308;6672850;758;291;1;COTE-D'OR;21;BOURGOGNE-FRANCHE-COMTE;27
181;Colombier;21184;Oui;07/11/08;20/04/19;;BDCSURCO0000000009599722;BONCOURT-LE-BOIS;21088;Commune simple;851308;6672850;758;291;1;COTE-D'OR;21;BOURGOGNE-FRANCHE-COMTE;27
182;Combertault;21185;Oui;07/11/08;20/04/19;;BDCSURCO0000000009599722;BONCOURT-LE-BOIS;21088;Commune simple;851308;6672850;758;291;1;COTE-D'OR;21;BOURGOGNE-FRANCHE-COMTE;27
183;Comblanchien;21186;Oui;07/11/08;20/04/19;;BDCSURCO0000000009599722;BONCOURT-LE-BOIS;21088;Commune simple;851308;6672850;758;291;1;COTE-D'OR;21;BOURGOGNE-FRANCHE-COMTE;27
184;Commarin;21187;Oui;07/11/08;20/04/19;;BDCSURCO0000000009599722;BONCOURT-LE-BOIS;21088;Commune simple;851308;6672850;758;291;1;COTE-D'OR;21;BOURGOGNE-FRANCHE-COMTE;27
188;Corcelles-les-Monts;21192;Oui;07/11/08;20/04/19;;BDCSURCO0000000009599722;BONCOURT-LE-BOIS;21088;Commune simple;851308;6672850;758;291;1;COTE-D'OR;21;BOURGOGNE-FRANCHE-COMTE;27
190;Corgoloin;21194;Oui;07/11/08;20/04/19;;BDCSURCO0000000009599722;BONCOURT-LE-BOIS;21088;Commune simple;851308;6672850;758;291;1;COTE-D'OR;21;BOURGOGNE-FRANCHE-COMTE;27
193;Corpoyer-la-Chapelle;21197;Oui;07/11/08;20/04/19;;BDCSURCO0000000009599722;BONCOURT-LE-BOIS;21088;Commune simple;851308;6672850;758;291;1;COTE-D'OR;21;BOURGOGNE-FRANCHE-COMTE;27
194;Corrombles;21198;Oui;07/11/08;20/04/19;;BDCSURCO0000000009599722;BONCOURT-LE-BOIS;21088;Commune simple;851308;6672850;758;291;1;COTE-D'OR;21;BOURGOGNE-FRANCHE-COMTE;27
195;Corsaint;21199;Oui;07/11/08;20/04/19;;BDCSURCO0000000009599722;BONCOURT-LE-BOIS;21088;Commune simple;851308;6672850;758;291;1;COTE-D'OR;21;BOURGOGNE-FRANCHE-COMTE;27
196;Couchey;21200;Oui;07/11/08;20/04/19;;BDCSURCO0000000009599722;BONCOURT-LE-BOIS;21088;Commune simple;851308;6672850;758;291;1;COTE-D'OR;21;BOURGOGNE-FRANCHE-COMTE;27
199;Courcelles-Frémoy;21203;Oui;07/11/08;20/04/19;;BDCSURCO0000000009599722;BONCOURT-LE-BOIS;21088;Commune simple;851308;6672850;758;291;1;COTE-D'OR;21;BOURGOGNE-FRANCHE-COMTE;27
200;Courcelles-lčs-Montbard;21204;Oui;07/11/08;20/04/19;;BDCSURCO0000000009599722;BONCOURT-LE-BOIS;21088;Commune simple;851308;6672850;758;291;1;COTE-D'OR;21;BOURGOGNE-FRANCHE-COMTE;27
201;Courcelles-lčs-Semur;21205;Oui;07/11/08;20/04/19;;BDCSURCO0000000009599722;BONCOURT-LE-BOIS;21088;Commune simple;851308;6672850;758;291;1;COTE-D'OR;21;BOURGOGNE-FRANCHE-COMTE;27
203;Courtivron;21208;Oui;13/03/12;20/04/19;;BDCSURCO0000000009599722;BONCOURT-LE-BOIS;21088;Commune simple;851308;6672850;758;291;1;COTE-D'OR;21;BOURGOGNE-FRANCHE-COMTE;27
205;Créancey;21210;Oui;07/11/08;20/04/19;;BDCSURCO0000000009599722;BONCOURT-LE-BOIS;21088;Commune simple;851308;6672850;758;291;1;COTE-D'OR;21;BOURGOGNE-FRANCHE-COMTE;27
207;Crépand;21212;Oui;07/11/08;20/04/19;;BDCSURCO0000000009599722;BONCOURT-LE-BOIS;21088;Commune simple;851308;6672850;758;291;1;COTE-D'OR;21;BOURGOGNE-FRANCHE-COMTE;27
208;Crugey;21214;Oui;07/11/08;20/04/19;;BDCSURCO0000000009599722;BONCOURT-LE-BOIS;21088;Commune simple;851308;6672850;758;291;1;COTE-D'OR;21;BOURGOGNE-FRANCHE-COMTE;27
210;Culčtre;21216;Oui;07/11/08;20/04/19;;BDCSURCO0000000009599722;BONCOURT-LE-BOIS;21088;Commune simple;851308;6672850;758;291;1;COTE-D'OR;21;BOURGOGNE-FRANCHE-COMTE;27
211;Curley;21217;Oui;07/11/08;20/04/19;;BDCSURCO0000000009599722;BONCOURT-LE-BOIS;21088;Commune simple;851308;6672850;758;291;1;COTE-D'OR;21;BOURGOGNE-FRANCHE-COMTE;27
212;Curtil-Saint-Seine;21218;Oui;07/11/08;20/04/19;;BDCSURCO0000000009599722;BONCOURT-LE-BOIS;21088;Commune simple;851308;6672850;758;291;1;COTE-D'OR;21;BOURGOGNE-FRANCHE-COMTE;27
213;Curtil-Vergy;21219;Oui;07/11/08;20/04/19;;BDCSURCO0000000009599722;BONCOURT-LE-BOIS;21088;Commune simple;851308;6672850;758;291;1;COTE-D'OR;21;BOURGOGNE-FRANCHE-COMTE;27
215;Cussy-la-Colonne;21221;Oui;07/11/08;20/04/19;;BDCSURCO0000000009599722;BONCOURT-LE-BOIS;21088;Commune simple;851308;6672850;758;291;1;COTE-D'OR;21;BOURGOGNE-FRANCHE-COMTE;27
216;Cussy-le-Châtel;21222;Oui;07/11/08;20/04/19;;BDCSURCO0000000009599722;BONCOURT-LE-BOIS;21088;Commune simple;851308;6672850;758;291;1;COTE-D'OR;21;BOURGOGNE-FRANCHE-COMTE;27
217;Daix;21223;Oui;07/11/08;20/04/19;;BDCSURCO0000000009599722;BONCOURT-LE-BOIS;21088;Commune simple;851308;6672850;758;291;1;COTE-D'OR;21;BOURGOGNE-FRANCHE-COMTE;27
218;Dampierre-en-Montagne;21224;Oui;07/11/08;20/04/19;;BDCSURCO0000000009599722;BONCOURT-LE-BOIS;21088;Commune simple;851308;6672850;758;291;1;COTE-D'OR;21;BOURGOGNE-FRANCHE-COMTE;27
220;Darcey;21226;Oui;07/11/08;20/04/19;;BDCSURCO0000000009599722;BONCOURT-LE-BOIS;21088;Commune simple;851308;6672850;758;291;1;COTE-D'OR;21;BOURGOGNE-FRANCHE-COMTE;27
221;Darois;21227;Oui;07/11/08;20/04/19;;BDCSURCO0000000009599722;BONCOURT-LE-BOIS;21088;Commune simple;851308;6672850;758;291;1;COTE-D'OR;21;BOURGOGNE-FRANCHE-COMTE;27
222;Détain-et-Bruant;21228;Oui;07/11/08;20/04/19;;BDCSURCO0000000009599722;BONCOURT-LE-BOIS;21088;Commune simple;851308;6672850;758;291;1;COTE-D'OR;21;BOURGOGNE-FRANCHE-COMTE;27
224;Diénay;21230;Oui;13/03/12;20/04/19;;BDCSURCO0000000009599722;BONCOURT-LE-BOIS;21088;Commune simple;851308;6672850;758;291;1;COTE-D'OR;21;BOURGOGNE-FRANCHE-COMTE;27
225;Dijon;21231;Oui;07/11/08;20/04/19;;BDCSURCO0000000009599722;BONCOURT-LE-BOIS;21088;Commune simple;851308;6672850;758;291;1;COTE-D'OR;21;BOURGOGNE-FRANCHE-COMTE;27
228;Drée;21234;Oui;07/11/08;20/04/19;;BDCSURCO0000000009599722;BONCOURT-LE-BOIS;21088;Commune simple;851308;6672850;758;291;1;COTE-D'OR;21;BOURGOGNE-FRANCHE-COMTE;27
232;Échannay;21238;Oui;07/11/08;20/04/19;;BDCSURCO0000000009599722;BONCOURT-LE-BOIS;21088;Commune simple;851308;6672850;758;291;1;COTE-D'OR;21;BOURGOGNE-FRANCHE-COMTE;27
235;Échevronne;21241;Oui;07/11/08;20/04/19;;BDCSURCO0000000009599722;BONCOURT-LE-BOIS;21088;Commune simple;851308;6672850;758;291;1;COTE-D'OR;21;BOURGOGNE-FRANCHE-COMTE;27
237;Écutigny;21243;Oui;07/11/08;20/04/19;;BDCSURCO0000000009599722;BONCOURT-LE-BOIS;21088;Commune simple;851308;6672850;758;291;1;COTE-D'OR;21;BOURGOGNE-FRANCHE-COMTE;27
238;Éguilly;21244;Oui;07/11/08;20/04/19;;BDCSURCO0000000009599722;BONCOURT-LE-BOIS;21088;Commune simple;851308;6672850;758;291;1;COTE-D'OR;21;BOURGOGNE-FRANCHE-COMTE;27
239;Épagny;21245;Oui;07/11/08;20/04/19;;BDCSURCO0000000009599722;BONCOURT-LE-BOIS;21088;Commune simple;851308;6672850;758;291;1;COTE-D'OR;21;BOURGOGNE-FRANCHE-COMTE;27
240;Épernay-sous-Gevrey;21246;Oui;07/11/08;20/04/19;;BDCSURCO0000000009599722;BONCOURT-LE-BOIS;21088;Commune simple;851308;6672850;758;291;1;COTE-D'OR;21;BOURGOGNE-FRANCHE-COMTE;27
241;Époisses;21247;Oui;07/11/08;20/04/19;;BDCSURCO0000000009599722;BONCOURT-LE-BOIS;21088;Commune simple;851308;6672850;758;291;1;COTE-D'OR;21;BOURGOGNE-FRANCHE-COMTE;27
242;Éringes;21248;Oui;07/11/08;20/04/19;;BDCSURCO0000000009599722;BONCOURT-LE-BOIS;21088;Commune simple;851308;6672850;758;291;1;COTE-D'OR;21;BOURGOGNE-FRANCHE-COMTE;27
245;Essey;21251;Oui;07/11/08;20/04/19;;BDCSURCO0000000009599722;BONCOURT-LE-BOIS;21088;Commune simple;851308;6672850;758;291;1;COTE-D'OR;21;BOURGOGNE-FRANCHE-COMTE;27
246;Étais;21252;Oui;07/11/08;20/04/19;;BDCSURCO0000000009599722;BONCOURT-LE-BOIS;21088;Commune simple;851308;6672850;758;291;1;COTE-D'OR;21;BOURGOGNE-FRANCHE-COMTE;27
248;L'Étang-Vergy;21254;Oui;07/11/08;20/04/19;;BDCSURCO0000000009599722;BONCOURT-LE-BOIS;21088;Commune simple;851308;6672850;758;291;1;COTE-D'OR;21;BOURGOGNE-FRANCHE-COMTE;27
249;Étaules;21255;Oui;07/11/08;20/04/19;;BDCSURCO0000000009599722;BONCOURT-LE-BOIS;21088;Commune simple;851308;6672850;758;291;1;COTE-D'OR;21;BOURGOGNE-FRANCHE-COMTE;27
251;Étormay;21257;Oui;07/11/08;20/04/19;;BDCSURCO0000000009599722;BONCOURT-LE-BOIS;21088;Commune simple;851308;6672850;758;291;1;COTE-D'OR;21;BOURGOGNE-FRANCHE-COMTE;27
253;Fain-lčs-Montbard;21259;Oui;07/11/08;20/04/19;;BDCSURCO0000000009599722;BONCOURT-LE-BOIS;21088;Commune simple;851308;6672850;758;291;1;COTE-D'OR;21;BOURGOGNE-FRANCHE-COMTE;27
254;Fain-lčs-Moutiers;21260;Oui;07/11/08;20/04/19;;BDCSURCO0000000009599722;BONCOURT-LE-BOIS;21088;Commune simple;851308;6672850;758;291;1;COTE-D'OR;21;BOURGOGNE-FRANCHE-COMTE;27
257;Fénay;21263;Oui;07/11/08;20/04/19;;BDCSURCO0000000009599722;BONCOURT-LE-BOIS;21088;Commune simple;851308;6672850;758;291;1;COTE-D'OR;21;BOURGOGNE-FRANCHE-COMTE;27
258;Le Fęte;21264;Oui;07/11/08;20/04/19;;BDCSURCO0000000009599722;BONCOURT-LE-BOIS;21088;Commune simple;851308;6672850;758;291;1;COTE-D'OR;21;BOURGOGNE-FRANCHE-COMTE;27
259;Fixin;21265;Oui;07/11/08;20/04/19;;BDCSURCO0000000009599722;BONCOURT-LE-BOIS;21088;Commune simple;851308;6672850;758;291;1;COTE-D'OR;21;BOURGOGNE-FRANCHE-COMTE;27
260;Flacey;21266;Oui;07/11/08;20/04/19;;BDCSURCO0000000009599722;BONCOURT-LE-BOIS;21088;Commune simple;851308;6672850;758;291;1;COTE-D'OR;21;BOURGOGNE-FRANCHE-COMTE;27
261;Flagey-Echézeaux;21267;Oui;07/11/08;20/04/19;;BDCSURCO0000000009599722;BONCOURT-LE-BOIS;21088;Commune simple;851308;6672850;758;291;1;COTE-D'OR;21;BOURGOGNE-FRANCHE-COMTE;27
264;Flavignerot;21270;Oui;07/11/08;20/04/19;;BDCSURCO0000000009599722;BONCOURT-LE-BOIS;21088;Commune simple;851308;6672850;758;291;1;COTE-D'OR;21;BOURGOGNE-FRANCHE-COMTE;27
265;Flavigny-sur-Ozerain;21271;Oui;07/11/08;20/04/19;;BDCSURCO0000000009599722;BONCOURT-LE-BOIS;21088;Commune simple;851308;6672850;758;291;1;COTE-D'OR;21;BOURGOGNE-FRANCHE-COMTE;27
266;Le Val-Larrey;21272;Oui;07/11/08;20/04/19;;BDCSURCO0000000009599722;BONCOURT-LE-BOIS;21088;Commune simple;851308;6672850;758;291;1;COTE-D'OR;21;BOURGOGNE-FRANCHE-COMTE;27
267;Fleurey-sur-Ouche;21273;Oui;07/11/08;20/04/19;;BDCSURCO0000000009599722;BONCOURT-LE-BOIS;21088;Commune simple;851308;6672850;758;291;1;COTE-D'OR;21;BOURGOGNE-FRANCHE-COMTE;27
268;Foissy;21274;Oui;07/11/08;20/04/19;;BDCSURCO0000000009599722;BONCOURT-LE-BOIS;21088;Commune simple;851308;6672850;758;291;1;COTE-D'OR;21;BOURGOGNE-FRANCHE-COMTE;27
270;Fontaines-en-Duesmois;21276;Oui;07/11/08;20/04/19;;BDCSURCO0000000009599722;BONCOURT-LE-BOIS;21088;Commune simple;851308;6672850;758;291;1;COTE-D'OR;21;BOURGOGNE-FRANCHE-COMTE;27
272;Fontaine-lčs-Dijon;21278;Oui;07/11/08;20/04/19;;BDCSURCO0000000009599722;BONCOURT-LE-BOIS;21088;Commune simple;851308;6672850;758;291;1;COTE-D'OR;21;BOURGOGNE-FRANCHE-COMTE;27
274;Fontangy;21280;Oui;07/11/08;20/04/19;;BDCSURCO0000000009599722;BONCOURT-LE-BOIS;21088;Commune simple;851308;6672850;758;291;1;COTE-D'OR;21;BOURGOGNE-FRANCHE-COMTE;27
276;Forléans;21282;Oui;07/11/08;20/04/19;;BDCSURCO0000000009599722;BONCOURT-LE-BOIS;21088;Commune simple;851308;6672850;758;291;1;COTE-D'OR;21;BOURGOGNE-FRANCHE-COMTE;27
278;Francheville;21284;Oui;07/11/08;20/04/19;;BDCSURCO0000000009599722;BONCOURT-LE-BOIS;21088;Commune simple;851308;6672850;758;291;1;COTE-D'OR;21;BOURGOGNE-FRANCHE-COMTE;27
280;Frénois;21286;Oui;07/11/08;20/04/19;;BDCSURCO0000000009599722;BONCOURT-LE-BOIS;21088;Commune simple;851308;6672850;758;291;1;COTE-D'OR;21;BOURGOGNE-FRANCHE-COMTE;27
281;Fresnes;21287;Oui;07/11/08;20/04/19;;BDCSURCO0000000009599722;BONCOURT-LE-BOIS;21088;Commune simple;851308;6672850;758;291;1;COTE-D'OR;21;BOURGOGNE-FRANCHE-COMTE;27
282;Frôlois;21288;Oui;07/11/08;20/04/19;;BDCSURCO0000000009599722;BONCOURT-LE-BOIS;21088;Commune simple;851308;6672850;758;291;1;COTE-D'OR;21;BOURGOGNE-FRANCHE-COMTE;27
283;Fussey;21289;Oui;07/11/08;20/04/19;;BDCSURCO0000000009599722;BONCOURT-LE-BOIS;21088;Commune simple;851308;6672850;758;291;1;COTE-D'OR;21;BOURGOGNE-FRANCHE-COMTE;27
284;Gemeaux;21290;Oui;07/11/08;20/04/19;;BDCSURCO0000000009599722;BONCOURT-LE-BOIS;21088;Commune simple;851308;6672850;758;291;1;COTE-D'OR;21;BOURGOGNE-FRANCHE-COMTE;27
285;Genay;21291;Oui;07/11/08;20/04/19;;BDCSURCO0000000009599722;BONCOURT-LE-BOIS;21088;Commune simple;851308;6672850;758;291;1;COTE-D'OR;21;BOURGOGNE-FRANCHE-COMTE;27
287;Gergueil;21293;Oui;07/11/08;20/04/19;;BDCSURCO0000000009599722;BONCOURT-LE-BOIS;21088;Commune simple;851308;6672850;758;291;1;COTE-D'OR;21;BOURGOGNE-FRANCHE-COMTE;27
288;Gerland;21294;Oui;07/11/08;20/04/19;;BDCSURCO0000000009599722;BONCOURT-LE-BOIS;21088;Commune simple;851308;6672850;758;291;1;COTE-D'OR;21;BOURGOGNE-FRANCHE-COMTE;27
289;Gevrey-Chambertin;21295;Oui;07/11/08;20/04/19;;BDCSURCO0000000009599722;BONCOURT-LE-BOIS;21088;Commune simple;851308;6672850;758;291;1;COTE-D'OR;21;BOURGOGNE-FRANCHE-COMTE;27
291;Gilly-lčs-Cîteaux;21297;Oui;07/11/08;20/04/19;;BDCSURCO0000000009599722;BONCOURT-LE-BOIS;21088;Commune simple;851308;6672850;758;291;1;COTE-D'OR;21;BOURGOGNE-FRANCHE-COMTE;27
292;Gissey-le-Vieil;21298;Oui;07/11/08;20/04/19;;BDCSURCO0000000009599722;BONCOURT-LE-BOIS;21088;Commune simple;851308;6672850;758;291;1;COTE-D'OR;21;BOURGOGNE-FRANCHE-COMTE;27
293;Gissey-sous-Flavigny;21299;Oui;07/11/08;20/04/19;;BDCSURCO0000000009599722;BONCOURT-LE-BOIS;21088;Commune simple;851308;6672850;758;291;1;COTE-D'OR;21;BOURGOGNE-FRANCHE-COMTE;27
294;Gissey-sur-Ouche;21300;Oui;07/11/08;20/04/19;;BDCSURCO0000000009599722;BONCOURT-LE-BOIS;21088;Commune simple;851308;6672850;758;291;1;COTE-D'OR;21;BOURGOGNE-FRANCHE-COMTE;27
300;Grenant-lčs-Sombernon;21306;Oui;07/11/08;20/04/19;;BDCSURCO0000000009599722;BONCOURT-LE-BOIS;21088;Commune simple;851308;6672850;758;291;1;COTE-D'OR;21;BOURGOGNE-FRANCHE-COMTE;27
301;Grésigny-Sainte-Reine;21307;Oui;07/11/08;20/04/19;;BDCSURCO0000000009599722;BONCOURT-LE-BOIS;21088;Commune simple;851308;6672850;758;291;1;COTE-D'OR;21;BOURGOGNE-FRANCHE-COMTE;27
302;Grignon;21308;Oui;07/11/08;20/04/19;;BDCSURCO0000000009599722;BONCOURT-LE-BOIS;21088;Commune simple;851308;6672850;758;291;1;COTE-D'OR;21;BOURGOGNE-FRANCHE-COMTE;27
304;Grosbois-en-Montagne;21310;Oui;07/11/08;20/04/19;;BDCSURCO0000000009599722;BONCOURT-LE-BOIS;21088;Commune simple;851308;6672850;758;291;1;COTE-D'OR;21;BOURGOGNE-FRANCHE-COMTE;27
308;Hauteroche;21314;Oui;07/11/08;20/04/19;;BDCSURCO0000000009599722;BONCOURT-LE-BOIS;21088;Commune simple;851308;6672850;758;291;1;COTE-D'OR;21;BOURGOGNE-FRANCHE-COMTE;27
309;Hauteville-lčs-Dijon;21315;Oui;07/11/08;20/04/19;;BDCSURCO0000000009599722;BONCOURT-LE-BOIS;21088;Commune simple;851308;6672850;758;291;1;COTE-D'OR;21;BOURGOGNE-FRANCHE-COMTE;27
311;Is-sur-Tille;21317;Oui;07/11/08;20/04/19;;BDCSURCO0000000009599722;BONCOURT-LE-BOIS;21088;Commune simple;851308;6672850;758;291;1;COTE-D'OR;21;BOURGOGNE-FRANCHE-COMTE;27
314;Jailly-les-Moulins;21321;Oui;07/11/08;20/04/19;;BDCSURCO0000000009599722;BONCOURT-LE-BOIS;21088;Commune simple;851308;6672850;758;291;1;COTE-D'OR;21;BOURGOGNE-FRANCHE-COMTE;27
317;Jeux-lčs-Bard;21324;Oui;07/11/08;20/04/19;;BDCSURCO0000000009599722;BONCOURT-LE-BOIS;21088;Commune simple;851308;6672850;758;291;1;COTE-D'OR;21;BOURGOGNE-FRANCHE-COMTE;27
319;Jours-lčs-Baigneux;21326;Oui;07/11/08;20/04/19;;BDCSURCO0000000009599722;BONCOURT-LE-BOIS;21088;Commune simple;851308;6672850;758;291;1;COTE-D'OR;21;BOURGOGNE-FRANCHE-COMTE;27
320;Val-Mont;21327;Oui;07/11/08;20/04/19;;BDCSURCO0000000009599722;BONCOURT-LE-BOIS;21088;Commune simple;851308;6672850;758;291;1;COTE-D'OR;21;BOURGOGNE-FRANCHE-COMTE;27
322;Juilly;21329;Oui;07/11/08;20/04/19;;BDCSURCO0000000009599722;BONCOURT-LE-BOIS;21088;Commune simple;851308;6672850;758;291;1;COTE-D'OR;21;BOURGOGNE-FRANCHE-COMTE;27
327;Lacanche;21334;Oui;07/11/08;20/04/19;;BDCSURCO0000000009599722;BONCOURT-LE-BOIS;21088;Commune simple;851308;6672850;758;291;1;COTE-D'OR;21;BOURGOGNE-FRANCHE-COMTE;27
331;Lamargelle;21338;Oui;07/11/08;20/04/19;;BDCSURCO0000000009599722;BONCOURT-LE-BOIS;21088;Commune simple;851308;6672850;758;291;1;COTE-D'OR;21;BOURGOGNE-FRANCHE-COMTE;27
332;Lantenay;21339;Oui;07/11/08;20/04/19;;BDCSURCO0000000009599722;BONCOURT-LE-BOIS;21088;Commune simple;851308;6672850;758;291;1;COTE-D'OR;21;BOURGOGNE-FRANCHE-COMTE;27
334;Lantilly;21341;Oui;07/11/08;20/04/19;;BDCSURCO0000000009599722;BONCOURT-LE-BOIS;21088;Commune simple;851308;6672850;758;291;1;COTE-D'OR;21;BOURGOGNE-FRANCHE-COMTE;27
338;Léry;21345;Oui;07/11/08;20/04/19;;BDCSURCO0000000009599722;BONCOURT-LE-BOIS;21088;Commune simple;851308;6672850;758;291;1;COTE-D'OR;21;BOURGOGNE-FRANCHE-COMTE;27
340;Levernois;21347;Oui;07/11/08;20/04/19;;BDCSURCO0000000009599722;BONCOURT-LE-BOIS;21088;Commune simple;851308;6672850;758;291;1;COTE-D'OR;21;BOURGOGNE-FRANCHE-COMTE;27
347;Longecourt-lčs-Culętre;21354;Oui;07/11/08;20/04/19;;BDCSURCO0000000009599722;BONCOURT-LE-BOIS;21088;Commune simple;851308;6672850;758;291;1;COTE-D'OR;21;BOURGOGNE-FRANCHE-COMTE;27
348;Longvic;21355;Oui;07/11/08;20/04/19;;BDCSURCO0000000009599722;BONCOURT-LE-BOIS;21088;Commune simple;851308;6672850;758;291;1;COTE-D'OR;21;BOURGOGNE-FRANCHE-COMTE;27
351;Lucenay-le-Duc;21358;Oui;07/11/08;20/04/19;;BDCSURCO0000000009599722;BONCOURT-LE-BOIS;21088;Commune simple;851308;6672850;758;291;1;COTE-D'OR;21;BOURGOGNE-FRANCHE-COMTE;27
353;Lusigny-sur-Ouche;21360;Oui;07/11/08;20/04/19;;BDCSURCO0000000009599722;BONCOURT-LE-BOIS;21088;Commune simple;851308;6672850;758;291;1;COTE-D'OR;21;BOURGOGNE-FRANCHE-COMTE;27
355;Maconge;21362;Oui;07/11/08;20/04/19;;BDCSURCO0000000009599722;BONCOURT-LE-BOIS;21088;Commune simple;851308;6672850;758;291;1;COTE-D'OR;21;BOURGOGNE-FRANCHE-COMTE;27
358;Magny-la-Ville;21365;Oui;07/11/08;20/04/19;;BDCSURCO0000000009599722;BONCOURT-LE-BOIS;21088;Commune simple;851308;6672850;758;291;1;COTE-D'OR;21;BOURGOGNE-FRANCHE-COMTE;27
361;Magny-lčs-Villers;21368;Oui;07/11/08;20/04/19;;BDCSURCO0000000009599722;BONCOURT-LE-BOIS;21088;Commune simple;851308;6672850;758;291;1;COTE-D'OR;21;BOURGOGNE-FRANCHE-COMTE;27
366;Mâlain;21373;Oui;07/11/08;20/04/19;;BDCSURCO0000000009599722;BONCOURT-LE-BOIS;21088;Commune simple;851308;6672850;758;291;1;COTE-D'OR;21;BOURGOGNE-FRANCHE-COMTE;27
367;Maligny;21374;Oui;07/11/08;20/04/19;;BDCSURCO0000000009599722;BONCOURT-LE-BOIS;21088;Commune simple;851308;6672850;758;291;1;COTE-D'OR;21;BOURGOGNE-FRANCHE-COMTE;27
370;Marcellois;21377;Oui;07/11/08;20/04/19;;BDCSURCO0000000009599722;BONCOURT-LE-BOIS;21088;Commune simple;851308;6672850;758;291;1;COTE-D'OR;21;BOURGOGNE-FRANCHE-COMTE;27
373;Marcigny-sous-Thil;21380;Oui;07/11/08;20/04/19;;BDCSURCO0000000009599722;BONCOURT-LE-BOIS;21088;Commune simple;851308;6672850;758;291;1;COTE-D'OR;21;BOURGOGNE-FRANCHE-COMTE;27
374;Marcilly-et-Dracy;21381;Oui;07/11/08;20/04/19;;BDCSURCO0000000009599722;BONCOURT-LE-BOIS;21088;Commune simple;851308;6672850;758;291;1;COTE-D'OR;21;BOURGOGNE-FRANCHE-COMTE;27
375;Marcilly-Ogny;21382;Oui;07/11/08;20/04/19;;BDCSURCO0000000009599722;BONCOURT-LE-BOIS;21088;Commune simple;851308;6672850;758;291;1;COTE-D'OR;21;BOURGOGNE-FRANCHE-COMTE;27
376;Marcilly-sur-Tille;21383;Oui;07/11/08;20/04/19;;BDCSURCO0000000009599722;BONCOURT-LE-BOIS;21088;Commune simple;851308;6672850;758;291;1;COTE-D'OR;21;BOURGOGNE-FRANCHE-COMTE;27
377;Marey-lčs-Fussey;21384;Oui;07/11/08;20/04/19;;BDCSURCO0000000009599722;BONCOURT-LE-BOIS;21088;Commune simple;851308;6672850;758;291;1;COTE-D'OR;21;BOURGOGNE-FRANCHE-COMTE;27
379;Marigny-le-Cahouët;21386;Oui;07/11/08;20/04/19;;BDCSURCO0000000009599722;BONCOURT-LE-BOIS;21088;Commune simple;851308;6672850;758;291;1;COTE-D'OR;21;BOURGOGNE-FRANCHE-COMTE;27
382;Marmagne;21389;Oui;07/11/08;20/04/19;;BDCSURCO0000000009599722;BONCOURT-LE-BOIS;21088;Commune simple;851308;6672850;758;291;1;COTE-D'OR;21;BOURGOGNE-FRANCHE-COMTE;27
383;Marsannay-la-Côte;21390;Oui;07/11/08;20/04/19;;BDCSURCO0000000009599722;BONCOURT-LE-BOIS;21088;Commune simple;851308;6672850;758;291;1;COTE-D'OR;21;BOURGOGNE-FRANCHE-COMTE;27
384;Marsannay-le-Bois;21391;Oui;07/11/08;20/04/19;;BDCSURCO0000000009599722;BONCOURT-LE-BOIS;21088;Commune simple;851308;6672850;758;291;1;COTE-D'OR;21;BOURGOGNE-FRANCHE-COMTE;27
385;Martrois;21392;Oui;07/11/08;20/04/19;;BDCSURCO0000000009599722;BONCOURT-LE-BOIS;21088;Commune simple;851308;6672850;758;291;1;COTE-D'OR;21;BOURGOGNE-FRANCHE-COMTE;27
387;Massingy-lčs-Semur;21394;Oui;07/11/08;20/04/19;;BDCSURCO0000000009599722;BONCOURT-LE-BOIS;21088;Commune simple;851308;6672850;758;291;1;COTE-D'OR;21;BOURGOGNE-FRANCHE-COMTE;27
388;Massingy-lčs-Vitteaux;21395;Oui;07/11/08;20/04/19;;BDCSURCO0000000009599722;BONCOURT-LE-BOIS;21088;Commune simple;851308;6672850;758;291;1;COTE-D'OR;21;BOURGOGNE-FRANCHE-COMTE;27
390;Mavilly-Mandelot;21397;Oui;07/11/08;20/04/19;;BDCSURCO0000000009599722;BONCOURT-LE-BOIS;21088;Commune simple;851308;6672850;758;291;1;COTE-D'OR;21;BOURGOGNE-FRANCHE-COMTE;27
392;Meilly-sur-Rouvres;21399;Oui;07/11/08;20/04/19;;BDCSURCO0000000009599722;BONCOURT-LE-BOIS;21088;Commune simple;851308;6672850;758;291;1;COTE-D'OR;21;BOURGOGNE-FRANCHE-COMTE;27
394;Meloisey;21401;Oui;07/11/08;20/04/19;;BDCSURCO0000000009599722;BONCOURT-LE-BOIS;21088;Commune simple;851308;6672850;758;291;1;COTE-D'OR;21;BOURGOGNE-FRANCHE-COMTE;27
397;Ménétreux-le-Pitois;21404;Oui;07/11/08;20/04/19;;BDCSURCO0000000009599722;BONCOURT-LE-BOIS;21088;Commune simple;851308;6672850;758;291;1;COTE-D'OR;21;BOURGOGNE-FRANCHE-COMTE;27
398;Merceuil;21405;Oui;07/11/08;20/04/19;;BDCSURCO0000000009599722;BONCOURT-LE-BOIS;21088;Commune simple;851308;6672850;758;291;1;COTE-D'OR;21;BOURGOGNE-FRANCHE-COMTE;27
399;Mesmont;21406;Oui;07/11/08;20/04/19;;BDCSURCO0000000009599722;BONCOURT-LE-BOIS;21088;Commune simple;851308;6672850;758;291;1;COTE-D'OR;21;BOURGOGNE-FRANCHE-COMTE;27
400;Messanges;21407;Oui;07/11/08;20/04/19;;BDCSURCO0000000009599722;BONCOURT-LE-BOIS;21088;Commune simple;851308;6672850;758;291;1;COTE-D'OR;21;BOURGOGNE-FRANCHE-COMTE;27
401;Messigny-et-Vantoux;21408;Oui;07/11/08;20/04/19;;BDCSURCO0000000009599722;BONCOURT-LE-BOIS;21088;Commune simple;851308;6672850;758;291;1;COTE-D'OR;21;BOURGOGNE-FRANCHE-COMTE;27
402;Meuilley;21409;Oui;07/11/08;20/04/19;;BDCSURCO0000000009599722;BONCOURT-LE-BOIS;21088;Commune simple;851308;6672850;758;291;1;COTE-D'OR;21;BOURGOGNE-FRANCHE-COMTE;27
405;Meursault;21412;Oui;07/11/08;20/04/19;;BDCSURCO0000000009599722;BONCOURT-LE-BOIS;21088;Commune simple;851308;6672850;758;291;1;COTE-D'OR;21;BOURGOGNE-FRANCHE-COMTE;27
406;Millery;21413;Oui;07/11/08;20/04/19;;BDCSURCO0000000009599722;BONCOURT-LE-BOIS;21088;Commune simple;851308;6672850;758;291;1;COTE-D'OR;21;BOURGOGNE-FRANCHE-COMTE;27
407;Mimeure;21414;Oui;07/11/08;20/04/19;;BDCSURCO0000000009599722;BONCOURT-LE-BOIS;21088;Commune simple;851308;6672850;758;291;1;COTE-D'OR;21;BOURGOGNE-FRANCHE-COMTE;27
413;Molinot;21420;Oui;13/03/12;20/04/19;;BDCSURCO0000000009599722;BONCOURT-LE-BOIS;21088;Commune simple;851308;6672850;758;291;1;COTE-D'OR;21;BOURGOGNE-FRANCHE-COMTE;27
414;Moloy;21421;Oui;13/03/12;20/04/19;;BDCSURCO0000000009599722;BONCOURT-LE-BOIS;21088;Commune simple;851308;6672850;758;291;1;COTE-D'OR;21;BOURGOGNE-FRANCHE-COMTE;27
416;Montagny-lčs-Beaune;21423;Oui;07/11/08;20/04/19;;BDCSURCO0000000009599722;BONCOURT-LE-BOIS;21088;Commune simple;851308;6672850;758;291;1;COTE-D'OR;21;BOURGOGNE-FRANCHE-COMTE;27
418;Montbard;21425;Oui;07/11/08;20/04/19;;BDCSURCO0000000009599722;BONCOURT-LE-BOIS;21088;Commune simple;851308;6672850;758;291;1;COTE-D'OR;21;BOURGOGNE-FRANCHE-COMTE;27
419;Montberthault;21426;Oui;07/11/08;20/04/19;;BDCSURCO0000000009599722;BONCOURT-LE-BOIS;21088;Commune simple;851308;6672850;758;291;1;COTE-D'OR;21;BOURGOGNE-FRANCHE-COMTE;27
420;Montceau-et-Écharnant;21427;Oui;07/11/08;20/04/19;;BDCSURCO0000000009599722;BONCOURT-LE-BOIS;21088;Commune simple;851308;6672850;758;291;1;COTE-D'OR;21;BOURGOGNE-FRANCHE-COMTE;27
421;Monthelie;21428;Oui;07/11/08;20/04/19;;BDCSURCO0000000009599722;BONCOURT-LE-BOIS;21088;Commune simple;851308;6672850;758;291;1;COTE-D'OR;21;BOURGOGNE-FRANCHE-COMTE;27
422;Montigny-Montfort;21429;Oui;07/11/08;20/04/19;;BDCSURCO0000000009599722;BONCOURT-LE-BOIS;21088;Commune simple;851308;6672850;758;291;1;COTE-D'OR;21;BOURGOGNE-FRANCHE-COMTE;27
423;Montigny-Saint-Barthélemy;21430;Oui;07/11/08;20/04/19;;BDCSURCO0000000009599722;BONCOURT-LE-BOIS;21088;Commune simple;851308;6672850;758;291;1;COTE-D'OR;21;BOURGOGNE-FRANCHE-COMTE;27
424;Montigny-sur-Armançon;21431;Oui;07/11/08;20/04/19;;BDCSURCO0000000009599722;BONCOURT-LE-BOIS;21088;Commune simple;851308;6672850;758;291;1;COTE-D'OR;21;BOURGOGNE-FRANCHE-COMTE;27
432;Montoillot;21439;Oui;07/11/08;20/04/19;;BDCSURCO0000000009599722;BONCOURT-LE-BOIS;21088;Commune simple;851308;6672850;758;291;1;COTE-D'OR;21;BOURGOGNE-FRANCHE-COMTE;27
434;Mont-Saint-Jean;21441;Oui;07/11/08;20/04/19;;BDCSURCO0000000009599722;BONCOURT-LE-BOIS;21088;Commune simple;851308;6672850;758;291;1;COTE-D'OR;21;BOURGOGNE-FRANCHE-COMTE;27
435;Morey-Saint-Denis;21442;Oui;07/11/08;20/04/19;;BDCSURCO0000000009599722;BONCOURT-LE-BOIS;21088;Commune simple;851308;6672850;758;291;1;COTE-D'OR;21;BOURGOGNE-FRANCHE-COMTE;27
438;Moutiers-Saint-Jean;21446;Oui;07/11/08;20/04/19;;BDCSURCO0000000009599722;BONCOURT-LE-BOIS;21088;Commune simple;851308;6672850;758;291;1;COTE-D'OR;21;BOURGOGNE-FRANCHE-COMTE;27
439;Musigny;21447;Oui;07/11/08;20/04/19;;BDCSURCO0000000009599722;BONCOURT-LE-BOIS;21088;Commune simple;851308;6672850;758;291;1;COTE-D'OR;21;BOURGOGNE-FRANCHE-COMTE;27
440;Mussy-la-Fosse;21448;Oui;07/11/08;20/04/19;;BDCSURCO0000000009599722;BONCOURT-LE-BOIS;21088;Commune simple;851308;6672850;758;291;1;COTE-D'OR;21;BOURGOGNE-FRANCHE-COMTE;27
441;Nan-sous-Thil;21449;Oui;07/11/08;20/04/19;;BDCSURCO0000000009599722;BONCOURT-LE-BOIS;21088;Commune simple;851308;6672850;758;291;1;COTE-D'OR;21;BOURGOGNE-FRANCHE-COMTE;27
442;Nantoux;21450;Oui;07/11/08;20/04/19;;BDCSURCO0000000009599722;BONCOURT-LE-BOIS;21088;Commune simple;851308;6672850;758;291;1;COTE-D'OR;21;BOURGOGNE-FRANCHE-COMTE;27
444;Neuilly-Crimolois;21452;Oui;07/11/08;20/04/19;;BDCSURCO0000000009599722;BONCOURT-LE-BOIS;21088;Commune simple;851308;6672850;758;291;1;COTE-D'OR;21;BOURGOGNE-FRANCHE-COMTE;27
447;Nogent-lčs-Montbard;21456;Oui;07/11/08;20/04/19;;BDCSURCO0000000009599722;BONCOURT-LE-BOIS;21088;Commune simple;851308;6672850;758;291;1;COTE-D'OR;21;BOURGOGNE-FRANCHE-COMTE;27
448;Noidan;21457;Oui;07/11/08;20/04/19;;BDCSURCO0000000009599722;BONCOURT-LE-BOIS;21088;Commune simple;851308;6672850;758;291;1;COTE-D'OR;21;BOURGOGNE-FRANCHE-COMTE;27
453;Norges-la-Ville;21462;Oui;07/11/08;20/04/19;;BDCSURCO0000000009599722;BONCOURT-LE-BOIS;21088;Commune simple;851308;6672850;758;291;1;COTE-D'OR;21;BOURGOGNE-FRANCHE-COMTE;27
454;Normier;21463;Oui;07/11/08;20/04/19;;BDCSURCO0000000009599722;BONCOURT-LE-BOIS;21088;Commune simple;851308;6672850;758;291;1;COTE-D'OR;21;BOURGOGNE-FRANCHE-COMTE;27
455;Nuits-Saint-Georges;21464;Oui;07/11/08;20/04/19;;BDCSURCO0000000009599722;BONCOURT-LE-BOIS;21088;Commune simple;851308;6672850;758;291;1;COTE-D'OR;21;BOURGOGNE-FRANCHE-COMTE;27
457;Oigny;21466;Oui;07/11/08;20/04/19;;BDCSURCO0000000009599722;BONCOURT-LE-BOIS;21088;Commune simple;851308;6672850;758;291;1;COTE-D'OR;21;BOURGOGNE-FRANCHE-COMTE;27
462;Orret;21471;Oui;07/11/08;20/04/19;;BDCSURCO0000000009599722;BONCOURT-LE-BOIS;21088;Commune simple;851308;6672850;758;291;1;COTE-D'OR;21;BOURGOGNE-FRANCHE-COMTE;27
464;Ouges;21473;Oui;07/11/08;20/04/19;;BDCSURCO0000000009599722;BONCOURT-LE-BOIS;21088;Commune simple;851308;6672850;758;291;1;COTE-D'OR;21;BOURGOGNE-FRANCHE-COMTE;27
467;Painblanc;21476;Oui;07/11/08;20/04/19;;BDCSURCO0000000009599722;BONCOURT-LE-BOIS;21088;Commune simple;851308;6672850;758;291;1;COTE-D'OR;21;BOURGOGNE-FRANCHE-COMTE;27
468;Panges;21477;Oui;07/11/08;20/04/19;;BDCSURCO0000000009599722;BONCOURT-LE-BOIS;21088;Commune simple;851308;6672850;758;291;1;COTE-D'OR;21;BOURGOGNE-FRANCHE-COMTE;27
469;Pasques;21478;Oui;07/11/08;20/04/19;;BDCSURCO0000000009599722;BONCOURT-LE-BOIS;21088;Commune simple;851308;6672850;758;291;1;COTE-D'OR;21;BOURGOGNE-FRANCHE-COMTE;27
470;Pellerey;21479;Oui;07/11/08;20/04/19;;BDCSURCO0000000009599722;BONCOURT-LE-BOIS;21088;Commune simple;851308;6672850;758;291;1;COTE-D'OR;21;BOURGOGNE-FRANCHE-COMTE;27
471;Pernand-Vergelesses;21480;Oui;07/11/08;20/04/19;;BDCSURCO0000000009599722;BONCOURT-LE-BOIS;21088;Commune simple;851308;6672850;758;291;1;COTE-D'OR;21;BOURGOGNE-FRANCHE-COMTE;27
472;Perrigny-lčs-Dijon;21481;Oui;07/11/08;20/04/19;;BDCSURCO0000000009599722;BONCOURT-LE-BOIS;21088;Commune simple;851308;6672850;758;291;1;COTE-D'OR;21;BOURGOGNE-FRANCHE-COMTE;27
475;Planay;21484;Oui;07/11/08;20/04/19;;BDCSURCO0000000009599722;BONCOURT-LE-BOIS;21088;Commune simple;851308;6672850;758;291;1;COTE-D'OR;21;BOURGOGNE-FRANCHE-COMTE;27
476;Plombičres-lčs-Dijon;21485;Oui;07/11/08;20/04/19;;BDCSURCO0000000009599722;BONCOURT-LE-BOIS;21088;Commune simple;851308;6672850;758;291;1;COTE-D'OR;21;BOURGOGNE-FRANCHE-COMTE;27
479;Poiseul-la-Grange;21489;Oui;07/11/08;20/04/19;;BDCSURCO0000000009599722;BONCOURT-LE-BOIS;21088;Commune simple;851308;6672850;758;291;1;COTE-D'OR;21;BOURGOGNE-FRANCHE-COMTE;27
480;Poiseul-la-Ville-et-Laperričre;21490;Oui;07/11/08;20/04/19;;BDCSURCO0000000009599722;BONCOURT-LE-BOIS;21088;Commune simple;851308;6672850;758;291;1;COTE-D'OR;21;BOURGOGNE-FRANCHE-COMTE;27
481;Poiseul-lčs-Saulx;21491;Oui;13/03/12;20/04/19;;BDCSURCO0000000009599722;BONCOURT-LE-BOIS;21088;Commune simple;851308;6672850;758;291;1;COTE-D'OR;21;BOURGOGNE-FRANCHE-COMTE;27
482;Pommard;21492;Oui;07/11/08;20/04/19;;BDCSURCO0000000009599722;BONCOURT-LE-BOIS;21088;Commune simple;851308;6672850;758;291;1;COTE-D'OR;21;BOURGOGNE-FRANCHE-COMTE;27
484;Poncey-sur-l'Ignon;21494;Oui;07/11/08;20/04/19;;BDCSURCO0000000009599722;BONCOURT-LE-BOIS;21088;Commune simple;851308;6672850;758;291;1;COTE-D'OR;21;BOURGOGNE-FRANCHE-COMTE;27
487;Pont-et-Massčne;21497;Oui;07/11/08;20/04/19;;BDCSURCO0000000009599722;BONCOURT-LE-BOIS;21088;Commune simple;851308;6672850;758;291;1;COTE-D'OR;21;BOURGOGNE-FRANCHE-COMTE;27
488;Posanges;21498;Oui;07/11/08;20/04/19;;BDCSURCO0000000009599722;BONCOURT-LE-BOIS;21088;Commune simple;851308;6672850;758;291;1;COTE-D'OR;21;BOURGOGNE-FRANCHE-COMTE;27
490;Pouillenay;21500;Oui;07/11/08;20/04/19;;BDCSURCO0000000009599722;BONCOURT-LE-BOIS;21088;Commune simple;851308;6672850;758;291;1;COTE-D'OR;21;BOURGOGNE-FRANCHE-COMTE;27
491;Pouilly-en-Auxois;21501;Oui;07/11/08;20/04/19;;BDCSURCO0000000009599722;BONCOURT-LE-BOIS;21088;Commune simple;851308;6672850;758;291;1;COTE-D'OR;21;BOURGOGNE-FRANCHE-COMTE;27
494;Prâlon;21504;Oui;07/11/08;20/04/19;;BDCSURCO0000000009599722;BONCOURT-LE-BOIS;21088;Commune simple;851308;6672850;758;291;1;COTE-D'OR;21;BOURGOGNE-FRANCHE-COMTE;27
495;Précy-sous-Thil;21505;Oui;07/11/08;20/04/19;;BDCSURCO0000000009599722;BONCOURT-LE-BOIS;21088;Commune simple;851308;6672850;758;291;1;COTE-D'OR;21;BOURGOGNE-FRANCHE-COMTE;27
496;Premeaux-Prissey;21506;Oui;07/11/08;20/04/19;;BDCSURCO0000000009599722;BONCOURT-LE-BOIS;21088;Commune simple;851308;6672850;758;291;1;COTE-D'OR;21;BOURGOGNE-FRANCHE-COMTE;27
497;Prenois;21508;Oui;07/11/08;20/04/19;;BDCSURCO0000000009599722;BONCOURT-LE-BOIS;21088;Commune simple;851308;6672850;758;291;1;COTE-D'OR;21;BOURGOGNE-FRANCHE-COMTE;27
502;Quetigny;21515;Oui;07/11/08;20/04/19;;BDCSURCO0000000009599722;BONCOURT-LE-BOIS;21088;Commune simple;851308;6672850;758;291;1;COTE-D'OR;21;BOURGOGNE-FRANCHE-COMTE;27
503;Quincerot;21516;Oui;07/11/08;20/04/19;;BDCSURCO0000000009599722;BONCOURT-LE-BOIS;21088;Commune simple;851308;6672850;758;291;1;COTE-D'OR;21;BOURGOGNE-FRANCHE-COMTE;27
504;Quincey;21517;Oui;07/11/08;20/04/19;;BDCSURCO0000000009599722;BONCOURT-LE-BOIS;21088;Commune simple;851308;6672850;758;291;1;COTE-D'OR;21;BOURGOGNE-FRANCHE-COMTE;27
505;Quincy-le-Vicomte;21518;Oui;07/11/08;20/04/19;;BDCSURCO0000000009599722;BONCOURT-LE-BOIS;21088;Commune simple;851308;6672850;758;291;1;COTE-D'OR;21;BOURGOGNE-FRANCHE-COMTE;27
507;Remilly-en-Montagne;21520;Oui;07/11/08;20/04/19;;BDCSURCO0000000009599722;BONCOURT-LE-BOIS;21088;Commune simple;851308;6672850;758;291;1;COTE-D'OR;21;BOURGOGNE-FRANCHE-COMTE;27
510;Reulle-Vergy;21523;Oui;07/11/08;20/04/19;;BDCSURCO0000000009599722;BONCOURT-LE-BOIS;21088;Commune simple;851308;6672850;758;291;1;COTE-D'OR;21;BOURGOGNE-FRANCHE-COMTE;27
514;La Rochepot;21527;Oui;13/03/12;20/04/19;;BDCSURCO0000000009599722;BONCOURT-LE-BOIS;21088;Commune simple;851308;6672850;758;291;1;COTE-D'OR;21;BOURGOGNE-FRANCHE-COMTE;27
515;La Roche-Vanneau;21528;Oui;07/11/08;20/04/19;;BDCSURCO0000000009599722;BONCOURT-LE-BOIS;21088;Commune simple;851308;6672850;758;291;1;COTE-D'OR;21;BOURGOGNE-FRANCHE-COMTE;27
516;Roilly;21529;Oui;07/11/08;20/04/19;;BDCSURCO0000000009599722;BONCOURT-LE-BOIS;21088;Commune simple;851308;6672850;758;291;1;COTE-D'OR;21;BOURGOGNE-FRANCHE-COMTE;27
517;Rougemont;21530;Oui;07/11/08;20/04/19;;BDCSURCO0000000009599722;BONCOURT-LE-BOIS;21088;Commune simple;851308;6672850;758;291;1;COTE-D'OR;21;BOURGOGNE-FRANCHE-COMTE;27
520;Rouvres-sous-Meilly;21533;Oui;07/11/08;20/04/19;;BDCSURCO0000000009599722;BONCOURT-LE-BOIS;21088;Commune simple;851308;6672850;758;291;1;COTE-D'OR;21;BOURGOGNE-FRANCHE-COMTE;27
521;Ruffey-lčs-Beaune;21534;Oui;07/11/08;20/04/19;;BDCSURCO0000000009599722;BONCOURT-LE-BOIS;21088;Commune simple;851308;6672850;758;291;1;COTE-D'OR;21;BOURGOGNE-FRANCHE-COMTE;27
522;Ruffey-lčs-Echirey;21535;Oui;07/11/08;20/04/19;;BDCSURCO0000000009599722;BONCOURT-LE-BOIS;21088;Commune simple;851308;6672850;758;291;1;COTE-D'OR;21;BOURGOGNE-FRANCHE-COMTE;27
524;Saffres;21537;Oui;07/11/08;20/04/19;;BDCSURCO0000000009599722;BONCOURT-LE-BOIS;21088;Commune simple;851308;6672850;758;291;1;COTE-D'OR;21;BOURGOGNE-FRANCHE-COMTE;27
526;Saint-Anthot;21539;Oui;07/11/08;20/04/19;;BDCSURCO0000000009599722;BONCOURT-LE-BOIS;21088;Commune simple;851308;6672850;758;291;1;COTE-D'OR;21;BOURGOGNE-FRANCHE-COMTE;27
527;Saint-Apollinaire;21540;Oui;07/11/08;20/04/19;;BDCSURCO0000000009599722;BONCOURT-LE-BOIS;21088;Commune simple;851308;6672850;758;291;1;COTE-D'OR;21;BOURGOGNE-FRANCHE-COMTE;27
528;Saint-Aubin;21541;Oui;13/03/12;20/04/19;;BDCSURCO0000000009599722;BONCOURT-LE-BOIS;21088;Commune simple;851308;6672850;758;291;1;COTE-D'OR;21;BOURGOGNE-FRANCHE-COMTE;27
529;Saint-Bernard;21542;Oui;07/11/08;20/04/19;;BDCSURCO0000000009599722;BONCOURT-LE-BOIS;21088;Commune simple;851308;6672850;758;291;1;COTE-D'OR;21;BOURGOGNE-FRANCHE-COMTE;27
531;Sainte-Colombe-en-Auxois;21544;Oui;07/11/08;20/04/19;;BDCSURCO0000000009599722;BONCOURT-LE-BOIS;21088;Commune simple;851308;6672850;758;291;1;COTE-D'OR;21;BOURGOGNE-FRANCHE-COMTE;27
534;Saint-Euphrône;21547;Oui;07/11/08;20/04/19;;BDCSURCO0000000009599722;BONCOURT-LE-BOIS;21088;Commune simple;851308;6672850;758;291;1;COTE-D'OR;21;BOURGOGNE-FRANCHE-COMTE;27
537;Saint-Germain-lčs-Senailly;21550;Oui;07/11/08;20/04/19;;BDCSURCO0000000009599722;BONCOURT-LE-BOIS;21088;Commune simple;851308;6672850;758;291;1;COTE-D'OR;21;BOURGOGNE-FRANCHE-COMTE;27
538;Saint-Hélier;21552;Oui;07/11/08;20/04/19;;BDCSURCO0000000009599722;BONCOURT-LE-BOIS;21088;Commune simple;851308;6672850;758;291;1;COTE-D'OR;21;BOURGOGNE-FRANCHE-COMTE;27
539;Saint-Jean-de-Bśuf;21553;Oui;07/11/08;20/04/19;;BDCSURCO0000000009599722;BONCOURT-LE-BOIS;21088;Commune simple;851308;6672850;758;291;1;COTE-D'OR;21;BOURGOGNE-FRANCHE-COMTE;27
544;Sainte-Marie-la-Blanche;21558;Oui;07/11/08;20/04/19;;BDCSURCO0000000009599722;BONCOURT-LE-BOIS;21088;Commune simple;851308;6672850;758;291;1;COTE-D'OR;21;BOURGOGNE-FRANCHE-COMTE;27
545;Sainte-Marie-sur-Ouche;21559;Oui;07/11/08;20/04/19;;BDCSURCO0000000009599722;BONCOURT-LE-BOIS;21088;Commune simple;851308;6672850;758;291;1;COTE-D'OR;21;BOURGOGNE-FRANCHE-COMTE;27
547;Saint-Martin-du-Mont;21561;Oui;07/11/08;20/04/19;;BDCSURCO0000000009599722;BONCOURT-LE-BOIS;21088;Commune simple;851308;6672850;758;291;1;COTE-D'OR;21;BOURGOGNE-FRANCHE-COMTE;27
549;Saint-Mesmin;21563;Oui;07/11/08;20/04/19;;BDCSURCO0000000009599722;BONCOURT-LE-BOIS;21088;Commune simple;851308;6672850;758;291;1;COTE-D'OR;21;BOURGOGNE-FRANCHE-COMTE;27
551;Saint-Philibert;21565;Oui;07/11/08;20/04/19;;BDCSURCO0000000009599722;BONCOURT-LE-BOIS;21088;Commune simple;851308;6672850;758;291;1;COTE-D'OR;21;BOURGOGNE-FRANCHE-COMTE;27
552;Saint-Pierre-en-Vaux;21566;Oui;07/11/08;20/04/19;;BDCSURCO0000000009599722;BONCOURT-LE-BOIS;21088;Commune simple;851308;6672850;758;291;1;COTE-D'OR;21;BOURGOGNE-FRANCHE-COMTE;27
553;Saint-Prix-lčs-Arnay;21567;Oui;07/11/08;20/04/19;;BDCSURCO0000000009599722;BONCOURT-LE-BOIS;21088;Commune simple;851308;6672850;758;291;1;COTE-D'OR;21;BOURGOGNE-FRANCHE-COMTE;27
554;Saint-Rémy;21568;Oui;07/11/08;20/04/19;;BDCSURCO0000000009599722;BONCOURT-LE-BOIS;21088;Commune simple;851308;6672850;758;291;1;COTE-D'OR;21;BOURGOGNE-FRANCHE-COMTE;27
555;Saint-Romain;21569;Oui;07/11/08;20/04/19;;BDCSURCO0000000009599722;BONCOURT-LE-BOIS;21088;Commune simple;851308;6672850;758;291;1;COTE-D'OR;21;BOURGOGNE-FRANCHE-COMTE;27
556;Sainte-Sabine;21570;Oui;07/11/08;20/04/19;;BDCSURCO0000000009599722;BONCOURT-LE-BOIS;21088;Commune simple;851308;6672850;758;291;1;COTE-D'OR;21;BOURGOGNE-FRANCHE-COMTE;27
559;Saint-Seine-l'Abbaye;21573;Oui;07/11/08;20/04/19;;BDCSURCO0000000009599722;BONCOURT-LE-BOIS;21088;Commune simple;851308;6672850;758;291;1;COTE-D'OR;21;BOURGOGNE-FRANCHE-COMTE;27
562;Saint-Thibault;21576;Oui;07/11/08;20/04/19;;BDCSURCO0000000009599722;BONCOURT-LE-BOIS;21088;Commune simple;851308;6672850;758;291;1;COTE-D'OR;21;BOURGOGNE-FRANCHE-COMTE;27
564;Saint-Victor-sur-Ouche;21578;Oui;07/11/08;20/04/19;;BDCSURCO0000000009599722;BONCOURT-LE-BOIS;21088;Commune simple;851308;6672850;758;291;1;COTE-D'OR;21;BOURGOGNE-FRANCHE-COMTE;27
565;Salives;21579;Oui;07/11/08;20/04/19;;BDCSURCO0000000009599722;BONCOURT-LE-BOIS;21088;Commune simple;851308;6672850;758;291;1;COTE-D'OR;21;BOURGOGNE-FRANCHE-COMTE;27
566;Salmaise;21580;Oui;07/11/08;20/04/19;;BDCSURCO0000000009599722;BONCOURT-LE-BOIS;21088;Commune simple;851308;6672850;758;291;1;COTE-D'OR;21;BOURGOGNE-FRANCHE-COMTE;27
569;Santosse;21583;Oui;13/03/12;20/04/19;;BDCSURCO0000000009599722;BONCOURT-LE-BOIS;21088;Commune simple;851308;6672850;758;291;1;COTE-D'OR;21;BOURGOGNE-FRANCHE-COMTE;27
572;Saulon-la-Rue;21586;Oui;07/11/08;20/04/19;;BDCSURCO0000000009599722;BONCOURT-LE-BOIS;21088;Commune simple;851308;6672850;758;291;1;COTE-D'OR;21;BOURGOGNE-FRANCHE-COMTE;27
573;Saulx-le-Duc;21587;Oui;13/03/12;20/04/19;;BDCSURCO0000000009599722;BONCOURT-LE-BOIS;21088;Commune simple;851308;6672850;758;291;1;COTE-D'OR;21;BOURGOGNE-FRANCHE-COMTE;27
574;Saussey;21588;Oui;07/11/08;20/04/19;;BDCSURCO0000000009599722;BONCOURT-LE-BOIS;21088;Commune simple;851308;6672850;758;291;1;COTE-D'OR;21;BOURGOGNE-FRANCHE-COMTE;27
575;Saussy;21589;Oui;07/11/08;20/04/19;;BDCSURCO0000000009599722;BONCOURT-LE-BOIS;21088;Commune simple;851308;6672850;758;291;1;COTE-D'OR;21;BOURGOGNE-FRANCHE-COMTE;27
576;Savigny-lčs-Beaune;21590;Oui;07/11/08;20/04/19;;BDCSURCO0000000009599722;BONCOURT-LE-BOIS;21088;Commune simple;851308;6672850;758;291;1;COTE-D'OR;21;BOURGOGNE-FRANCHE-COMTE;27
577;Savigny-le-Sec;21591;Oui;07/11/08;20/04/19;;BDCSURCO0000000009599722;BONCOURT-LE-BOIS;21088;Commune simple;851308;6672850;758;291;1;COTE-D'OR;21;BOURGOGNE-FRANCHE-COMTE;27
578;Savigny-sous-Mâlain;21592;Oui;07/11/08;20/04/19;;BDCSURCO0000000009599722;BONCOURT-LE-BOIS;21088;Commune simple;851308;6672850;758;291;1;COTE-D'OR;21;BOURGOGNE-FRANCHE-COMTE;27
580;Savoisy;21594;Oui;07/11/08;20/04/19;;BDCSURCO0000000009599722;BONCOURT-LE-BOIS;21088;Commune simple;851308;6672850;758;291;1;COTE-D'OR;21;BOURGOGNE-FRANCHE-COMTE;27
583;Segrois;21597;Oui;07/11/08;20/04/19;;BDCSURCO0000000009599722;BONCOURT-LE-BOIS;21088;Commune simple;851308;6672850;758;291;1;COTE-D'OR;21;BOURGOGNE-FRANCHE-COMTE;27
584;Seigny;21598;Oui;07/11/08;20/04/19;;BDCSURCO0000000009599722;BONCOURT-LE-BOIS;21088;Commune simple;851308;6672850;758;291;1;COTE-D'OR;21;BOURGOGNE-FRANCHE-COMTE;27
586;Semarey;21600;Oui;07/11/08;20/04/19;;BDCSURCO0000000009599722;BONCOURT-LE-BOIS;21088;Commune simple;851308;6672850;758;291;1;COTE-D'OR;21;BOURGOGNE-FRANCHE-COMTE;27
587;Semezanges;21601;Oui;07/11/08;20/04/19;;BDCSURCO0000000009599722;BONCOURT-LE-BOIS;21088;Commune simple;851308;6672850;758;291;1;COTE-D'OR;21;BOURGOGNE-FRANCHE-COMTE;27
589;Semur-en-Auxois;21603;Oui;07/11/08;20/04/19;;BDCSURCO0000000009599722;BONCOURT-LE-BOIS;21088;Commune simple;851308;6672850;758;291;1;COTE-D'OR;21;BOURGOGNE-FRANCHE-COMTE;27
590;Senailly;21604;Oui;07/11/08;20/04/19;;BDCSURCO0000000009599722;BONCOURT-LE-BOIS;21088;Commune simple;851308;6672850;758;291;1;COTE-D'OR;21;BOURGOGNE-FRANCHE-COMTE;27
592;Ladoix-Serrigny;21606;Oui;07/11/08;20/04/19;;BDCSURCO0000000009599722;BONCOURT-LE-BOIS;21088;Commune simple;851308;6672850;758;291;1;COTE-D'OR;21;BOURGOGNE-FRANCHE-COMTE;27
597;Sombernon;21611;Oui;07/11/08;20/04/19;;BDCSURCO0000000009599722;BONCOURT-LE-BOIS;21088;Commune simple;851308;6672850;758;291;1;COTE-D'OR;21;BOURGOGNE-FRANCHE-COMTE;27
598;Souhey;21612;Oui;07/11/08;20/04/19;;BDCSURCO0000000009599722;BONCOURT-LE-BOIS;21088;Commune simple;851308;6672850;758;291;1;COTE-D'OR;21;BOURGOGNE-FRANCHE-COMTE;27
599;Soussey-sur-Brionne;21613;Oui;07/11/08;20/04/19;;BDCSURCO0000000009599722;BONCOURT-LE-BOIS;21088;Commune simple;851308;6672850;758;291;1;COTE-D'OR;21;BOURGOGNE-FRANCHE-COMTE;27
602;Tailly;21616;Oui;07/11/08;20/04/19;;BDCSURCO0000000009599722;BONCOURT-LE-BOIS;21088;Commune simple;851308;6672850;758;291;1;COTE-D'OR;21;BOURGOGNE-FRANCHE-COMTE;27
603;Talant;21617;Oui;07/11/08;20/04/19;;BDCSURCO0000000009599722;BONCOURT-LE-BOIS;21088;Commune simple;851308;6672850;758;291;1;COTE-D'OR;21;BOURGOGNE-FRANCHE-COMTE;27
606;Tarsul;21620;Oui;13/03/12;20/04/19;;BDCSURCO0000000009599722;BONCOURT-LE-BOIS;21088;Commune simple;851308;6672850;758;291;1;COTE-D'OR;21;BOURGOGNE-FRANCHE-COMTE;27
610;Ternant;21625;Oui;07/11/08;20/04/19;;BDCSURCO0000000009599722;BONCOURT-LE-BOIS;21088;Commune simple;851308;6672850;758;291;1;COTE-D'OR;21;BOURGOGNE-FRANCHE-COMTE;27
612;Thenissey;21627;Oui;07/11/08;20/04/19;;BDCSURCO0000000009599722;BONCOURT-LE-BOIS;21088;Commune simple;851308;6672850;758;291;1;COTE-D'OR;21;BOURGOGNE-FRANCHE-COMTE;27
615;Thoisy-le-Désert;21630;Oui;07/11/08;20/04/19;;BDCSURCO0000000009599722;BONCOURT-LE-BOIS;21088;Commune simple;851308;6672850;758;291;1;COTE-D'OR;21;BOURGOGNE-FRANCHE-COMTE;27
616;Thomirey;21631;Oui;07/11/08;20/04/19;;BDCSURCO0000000009599722;BONCOURT-LE-BOIS;21088;Commune simple;851308;6672850;758;291;1;COTE-D'OR;21;BOURGOGNE-FRANCHE-COMTE;27
618;Thorey-sous-Charny;21633;Oui;07/11/08;20/04/19;;BDCSURCO0000000009599722;BONCOURT-LE-BOIS;21088;Commune simple;851308;6672850;758;291;1;COTE-D'OR;21;BOURGOGNE-FRANCHE-COMTE;27
619;Thorey-sur-Ouche;21634;Oui;07/11/08;20/04/19;;BDCSURCO0000000009599722;BONCOURT-LE-BOIS;21088;Commune simple;851308;6672850;758;291;1;COTE-D'OR;21;BOURGOGNE-FRANCHE-COMTE;27
620;Thoste;21635;Oui;07/11/08;20/04/19;;BDCSURCO0000000009599722;BONCOURT-LE-BOIS;21088;Commune simple;851308;6672850;758;291;1;COTE-D'OR;21;BOURGOGNE-FRANCHE-COMTE;27
621;Thury;21636;Oui;07/11/08;20/04/19;;BDCSURCO0000000009599722;BONCOURT-LE-BOIS;21088;Commune simple;851308;6672850;758;291;1;COTE-D'OR;21;BOURGOGNE-FRANCHE-COMTE;27
625;Torcy-et-Pouligny;21640;Oui;07/11/08;20/04/19;;BDCSURCO0000000009599722;BONCOURT-LE-BOIS;21088;Commune simple;851308;6672850;758;291;1;COTE-D'OR;21;BOURGOGNE-FRANCHE-COMTE;27
626;Touillon;21641;Oui;07/11/08;20/04/19;;BDCSURCO0000000009599722;BONCOURT-LE-BOIS;21088;Commune simple;851308;6672850;758;291;1;COTE-D'OR;21;BOURGOGNE-FRANCHE-COMTE;27
627;Toutry;21642;Oui;07/11/08;20/04/19;;BDCSURCO0000000009599722;BONCOURT-LE-BOIS;21088;Commune simple;851308;6672850;758;291;1;COTE-D'OR;21;BOURGOGNE-FRANCHE-COMTE;27
631;Trouhaut;21646;Oui;07/11/08;20/04/19;;BDCSURCO0000000009599722;BONCOURT-LE-BOIS;21088;Commune simple;851308;6672850;758;291;1;COTE-D'OR;21;BOURGOGNE-FRANCHE-COMTE;27
633;Turcey;21648;Oui;07/11/08;20/04/19;;BDCSURCO0000000009599722;BONCOURT-LE-BOIS;21088;Commune simple;851308;6672850;758;291;1;COTE-D'OR;21;BOURGOGNE-FRANCHE-COMTE;27
634;Uncey-le-Franc;21649;Oui;07/11/08;20/04/19;;BDCSURCO0000000009599722;BONCOURT-LE-BOIS;21088;Commune simple;851308;6672850;758;291;1;COTE-D'OR;21;BOURGOGNE-FRANCHE-COMTE;27
635;Urcy;21650;Oui;07/11/08;20/04/19;;BDCSURCO0000000009599722;BONCOURT-LE-BOIS;21088;Commune simple;851308;6672850;758;291;1;COTE-D'OR;21;BOURGOGNE-FRANCHE-COMTE;27
636;Val-Suzon;21651;Oui;07/11/08;20/04/19;;BDCSURCO0000000009599722;BONCOURT-LE-BOIS;21088;Commune simple;851308;6672850;758;291;1;COTE-D'OR;21;BOURGOGNE-FRANCHE-COMTE;27
637;Vandenesse-en-Auxois;21652;Oui;07/11/08;20/04/19;;BDCSURCO0000000009599722;BONCOURT-LE-BOIS;21088;Commune simple;851308;6672850;758;291;1;COTE-D'OR;21;BOURGOGNE-FRANCHE-COMTE;27
641;Varois-et-Chaignot;21657;Oui;07/11/08;20/04/19;;BDCSURCO0000000009599722;BONCOURT-LE-BOIS;21088;Commune simple;851308;6672850;758;291;1;COTE-D'OR;21;BOURGOGNE-FRANCHE-COMTE;27
642;Vaux-Saules;21659;Oui;07/11/08;20/04/19;;BDCSURCO0000000009599722;BONCOURT-LE-BOIS;21088;Commune simple;851308;6672850;758;291;1;COTE-D'OR;21;BOURGOGNE-FRANCHE-COMTE;27
643;Veilly;21660;Oui;07/11/08;20/04/19;;BDCSURCO0000000009599722;BONCOURT-LE-BOIS;21088;Commune simple;851308;6672850;758;291;1;COTE-D'OR;21;BOURGOGNE-FRANCHE-COMTE;27
644;Velars-sur-Ouche;21661;Oui;07/11/08;20/04/19;;BDCSURCO0000000009599722;BONCOURT-LE-BOIS;21088;Commune simple;851308;6672850;758;291;1;COTE-D'OR;21;BOURGOGNE-FRANCHE-COMTE;27
645;Velogny;21662;Oui;07/11/08;20/04/19;;BDCSURCO0000000009599722;BONCOURT-LE-BOIS;21088;Commune simple;851308;6672850;758;291;1;COTE-D'OR;21;BOURGOGNE-FRANCHE-COMTE;27
646;Venarey-les-Laumes;21663;Oui;07/11/08;20/04/19;;BDCSURCO0000000009599722;BONCOURT-LE-BOIS;21088;Commune simple;851308;6672850;758;291;1;COTE-D'OR;21;BOURGOGNE-FRANCHE-COMTE;27
647;Verdonnet;21664;Oui;07/11/08;20/04/19;;BDCSURCO0000000009599722;BONCOURT-LE-BOIS;21088;Commune simple;851308;6672850;758;291;1;COTE-D'OR;21;BOURGOGNE-FRANCHE-COMTE;27
649;Vernot;21666;Oui;13/03/12;20/04/19;;BDCSURCO0000000009599722;BONCOURT-LE-BOIS;21088;Commune simple;851308;6672850;758;291;1;COTE-D'OR;21;BOURGOGNE-FRANCHE-COMTE;27
651;Verrey-sous-Drée;21669;Oui;07/11/08;20/04/19;;BDCSURCO0000000009599722;BONCOURT-LE-BOIS;21088;Commune simple;851308;6672850;758;291;1;COTE-D'OR;21;BOURGOGNE-FRANCHE-COMTE;27
652;Verrey-sous-Salmaise;21670;Oui;07/11/08;20/04/19;;BDCSURCO0000000009599722;BONCOURT-LE-BOIS;21088;Commune simple;851308;6672850;758;291;1;COTE-D'OR;21;BOURGOGNE-FRANCHE-COMTE;27
654;Vesvres;21672;Oui;07/11/08;20/04/19;;BDCSURCO0000000009599722;BONCOURT-LE-BOIS;21088;Commune simple;851308;6672850;758;291;1;COTE-D'OR;21;BOURGOGNE-FRANCHE-COMTE;27
655;Veuvey-sur-Ouche;21673;Oui;07/11/08;20/04/19;;BDCSURCO0000000009599722;BONCOURT-LE-BOIS;21088;Commune simple;851308;6672850;758;291;1;COTE-D'OR;21;BOURGOGNE-FRANCHE-COMTE;27
658;Vic-de-Chassenay;21676;Oui;07/11/08;20/04/19;;BDCSURCO0000000009599722;BONCOURT-LE-BOIS;21088;Commune simple;851308;6672850;758;291;1;COTE-D'OR;21;BOURGOGNE-FRANCHE-COMTE;27
659;Vic-des-Prés;21677;Oui;07/11/08;20/04/19;;BDCSURCO0000000009599722;BONCOURT-LE-BOIS;21088;Commune simple;851308;6672850;758;291;1;COTE-D'OR;21;BOURGOGNE-FRANCHE-COMTE;27
660;Vic-sous-Thil;21678;Oui;07/11/08;20/04/19;;BDCSURCO0000000009599722;BONCOURT-LE-BOIS;21088;Commune simple;851308;6672850;758;291;1;COTE-D'OR;21;BOURGOGNE-FRANCHE-COMTE;27
661;Vieilmoulin;21679;Oui;07/11/08;20/04/19;;BDCSURCO0000000009599722;BONCOURT-LE-BOIS;21088;Commune simple;851308;6672850;758;291;1;COTE-D'OR;21;BOURGOGNE-FRANCHE-COMTE;27
663;Vieux-Château;21681;Oui;07/11/08;20/04/19;;BDCSURCO0000000009599722;BONCOURT-LE-BOIS;21088;Commune simple;851308;6672850;758;291;1;COTE-D'OR;21;BOURGOGNE-FRANCHE-COMTE;27
666;Vignoles;21684;Oui;07/11/08;20/04/19;;BDCSURCO0000000009599722;BONCOURT-LE-BOIS;21088;Commune simple;851308;6672850;758;291;1;COTE-D'OR;21;BOURGOGNE-FRANCHE-COMTE;27
667;Villaines-en-Duesmois;21685;Oui;07/11/08;20/04/19;;BDCSURCO0000000009599722;BONCOURT-LE-BOIS;21088;Commune simple;851308;6672850;758;291;1;COTE-D'OR;21;BOURGOGNE-FRANCHE-COMTE;27
668;Villaines-les-Prévôtes;21686;Oui;07/11/08;20/04/19;;BDCSURCO0000000009599722;BONCOURT-LE-BOIS;21088;Commune simple;851308;6672850;758;291;1;COTE-D'OR;21;BOURGOGNE-FRANCHE-COMTE;27
670;Villars-Fontaine;21688;Oui;07/11/08;20/04/19;;BDCSURCO0000000009599722;BONCOURT-LE-BOIS;21088;Commune simple;851308;6672850;758;291;1;COTE-D'OR;21;BOURGOGNE-FRANCHE-COMTE;27
671;Villars-et-Villenotte;21689;Oui;07/11/08;20/04/19;;BDCSURCO0000000009599722;BONCOURT-LE-BOIS;21088;Commune simple;851308;6672850;758;291;1;COTE-D'OR;21;BOURGOGNE-FRANCHE-COMTE;27
672;Villeberny;21690;Oui;07/11/08;20/04/19;;BDCSURCO0000000009599722;BONCOURT-LE-BOIS;21088;Commune simple;851308;6672850;758;291;1;COTE-D'OR;21;BOURGOGNE-FRANCHE-COMTE;27
673;Villebichot;21691;Oui;07/11/08;20/04/19;;BDCSURCO0000000009599722;BONCOURT-LE-BOIS;21088;Commune simple;851308;6672850;758;291;1;COTE-D'OR;21;BOURGOGNE-FRANCHE-COMTE;27
674;Villecomte;21692;Oui;13/03/12;20/04/19;;BDCSURCO0000000009599722;BONCOURT-LE-BOIS;21088;Commune simple;851308;6672850;758;291;1;COTE-D'OR;21;BOURGOGNE-FRANCHE-COMTE;27
676;Villeferry;21694;Oui;07/11/08;20/04/19;;BDCSURCO0000000009599722;BONCOURT-LE-BOIS;21088;Commune simple;851308;6672850;758;291;1;COTE-D'OR;21;BOURGOGNE-FRANCHE-COMTE;27
677;La Villeneuve-les-Convers;21695;Oui;07/11/08;20/04/19;;BDCSURCO0000000009599722;BONCOURT-LE-BOIS;21088;Commune simple;851308;6672850;758;291;1;COTE-D'OR;21;BOURGOGNE-FRANCHE-COMTE;27
678;Villeneuve-sous-Charigny;21696;Oui;07/11/08;20/04/19;;BDCSURCO0000000009599722;BONCOURT-LE-BOIS;21088;Commune simple;851308;6672850;758;291;1;COTE-D'OR;21;BOURGOGNE-FRANCHE-COMTE;27
679;Villers-la-Faye;21698;Oui;07/11/08;20/04/19;;BDCSURCO0000000009599722;BONCOURT-LE-BOIS;21088;Commune simple;851308;6672850;758;291;1;COTE-D'OR;21;BOURGOGNE-FRANCHE-COMTE;27
686;Villotte-Saint-Seine;21705;Oui;07/11/08;20/04/19;;BDCSURCO0000000009599722;BONCOURT-LE-BOIS;21088;Commune simple;851308;6672850;758;291;1;COTE-D'OR;21;BOURGOGNE-FRANCHE-COMTE;27
688;Villy-en-Auxois;21707;Oui;07/11/08;20/04/19;;BDCSURCO0000000009599722;BONCOURT-LE-BOIS;21088;Commune simple;851308;6672850;758;291;1;COTE-D'OR;21;BOURGOGNE-FRANCHE-COMTE;27
689;Villy-le-Moutier;21708;Oui;07/11/08;20/04/19;;BDCSURCO0000000009599722;BONCOURT-LE-BOIS;21088;Commune simple;851308;6672850;758;291;1;COTE-D'OR;21;BOURGOGNE-FRANCHE-COMTE;27
690;Viserny;21709;Oui;07/11/08;20/04/19;;BDCSURCO0000000009599722;BONCOURT-LE-BOIS;21088;Commune simple;851308;6672850;758;291;1;COTE-D'OR;21;BOURGOGNE-FRANCHE-COMTE;27
691;Vitteaux;21710;Oui;07/11/08;20/04/19;;BDCSURCO0000000009599722;BONCOURT-LE-BOIS;21088;Commune simple;851308;6672850;758;291;1;COTE-D'OR;21;BOURGOGNE-FRANCHE-COMTE;27
693;Volnay;21712;Oui;07/11/08;20/04/19;;BDCSURCO0000000009599722;BONCOURT-LE-BOIS;21088;Commune simple;851308;6672850;758;291;1;COTE-D'OR;21;BOURGOGNE-FRANCHE-COMTE;27
695;Vosne-Romanée;21714;Oui;07/11/08;20/04/19;;BDCSURCO0000000009599722;BONCOURT-LE-BOIS;21088;Commune simple;851308;6672850;758;291;1;COTE-D'OR;21;BOURGOGNE-FRANCHE-COMTE;27
697;Vougeot;21716;Oui;07/11/08;20/04/19;;BDCSURCO0000000009599722;BONCOURT-LE-BOIS;21088;Commune simple;851308;6672850;758;291;1;COTE-D'OR;21;BOURGOGNE-FRANCHE-COMTE;27
